image_id,fold,TRUE,pred,prob_usable
Duodenum_ABCA9_Male_55_1920.jpg,1,usable,usable,0.9899
Duodenum_ACAP2_Male_55_1920.jpg,1,usable,unusable,0.0955
Duodenum_ACTBL2_Male_55_1920.jpg,1,usable,usable,0.9852
Duodenum_ACTC1_Male_55_1920.jpg,1,usable,usable,0.9759
Duodenum_ACVR2A_Male_55_1920.jpg,1,usable,usable,0.979
Duodenum_ADAL_Male_55_1920.jpg,1,usable,usable,0.951
Duodenum_AGR3_Male_55_1920.jpg,1,usable,usable,0.985
Duodenum_AK4_Male_55_1920.jpg,1,usable,usable,0.9248
Duodenum_AKR1C1_Male_55_1920.jpg,1,usable,unusable,0.0541
Duodenum_ALG12_Male_55_1920.jpg,1,usable,usable,0.8053
Duodenum_ALMS1_Male_55_1920.jpg,1,unusable,unusable,0.0281
Duodenum_ALPP_Male_55_1920.jpg,1,usable,usable,0.606
Duodenum_ANKRD12_Male_55_1920.jpg,1,usable,usable,0.9902
Duodenum_AP5Z1_Male_55_1920.jpg,1,unusable,unusable,0.0347
Duodenum_APH1A_Male_55_1920.jpg,1,usable,usable,0.9847
Duodenum_APIP_Male_55_1920.jpg,1,usable,usable,0.9745
Duodenum_ARFRP1_Male_55_1920.jpg,1,unusable,usable,0.995
Duodenum_ARL17A_Male_55_1920.jpg,1,usable,usable,0.9809
Duodenum_ARL17B_Male_55_1920.jpg,1,usable,usable,0.9809
Duodenum_ARMH3_Male_55_1920.jpg,1,usable,usable,0.9706
Duodenum_ARPIN-AP3S2_Male_55_1920.jpg,1,usable,usable,0.9707
Duodenum_ATF6B_Male_55_1920.jpg,1,usable,usable,0.8485
Duodenum_ATP2B1_Female_53_3413.jpg,1,usable,usable,0.5425
Duodenum_ATP5MG_Male_55_1920.jpg,1,usable,usable,0.9757
Duodenum_BAX_Female_53_3413.jpg,1,unusable,unusable,0.1313
Duodenum_BCAS1_Male_55_1920.jpg,1,usable,usable,0.9521
Duodenum_BCAS4_Male_55_1920.jpg,1,usable,unusable,0.0584
Duodenum_BCL2L15_Male_55_1920.jpg,1,usable,usable,0.9859
Duodenum_BIVM-ERCC5_Male_55_1920.jpg,1,usable,usable,0.9386
Duodenum_BLTP3B_Male_55_1920.jpg,1,usable,usable,0.5766
Duodenum_BRAP_Male_55_1920.jpg,1,usable,unusable,0.0905
Duodenum_C11orf96_Male_55_1920.jpg,1,usable,usable,0.9802
Duodenum_C12orf73_Male_55_1920.jpg,1,usable,usable,0.984
Duodenum_C19orf47_Male_55_1920.jpg,1,usable,unusable,0.3479
Duodenum_C20orf96_Male_55_1920.jpg,1,usable,usable,0.8852
Duodenum_CALML4_Male_55_1920.jpg,1,usable,usable,0.9956
Duodenum_CARD19_Male_55_1920.jpg,1,usable,usable,0.9832
Duodenum_CCDC12_Male_55_1920.jpg,1,usable,usable,0.984
Duodenum_CCDC159_Male_55_1920.jpg,1,usable,usable,0.8411
Duodenum_CCDC8_Male_55_1920.jpg,1,usable,usable,1
Duodenum_CCNL2_Male_55_1920.jpg,1,unusable,usable,0.9281
Duodenum_CCNT2_Female_53_3413.jpg,1,usable,usable,0.5331
Duodenum_CCT6A_Male_55_1920.jpg,1,usable,unusable,0.1504
Duodenum_CCZ1B_Male_55_1920.jpg,1,usable,unusable,0.278
Duodenum_CCZ1_Male_55_1920.jpg,1,unusable,unusable,0.278
Duodenum_CD248_Male_55_1920.jpg,1,usable,unusable,0.0792
Duodenum_CD44_Male_70_582.jpg,1,unusable,unusable,0.0939
Duodenum_CDK13_Male_55_1920.jpg,1,usable,usable,0.9991
Duodenum_CENPV_Male_55_1920.jpg,1,unusable,usable,0.6661
Duodenum_CFL1_Male_55_1920.jpg,1,usable,usable,0.9987
Duodenum_CGGBP1_Male_55_1920.jpg,1,unusable,usable,0.6749
Duodenum_CHCHD1_Male_55_1920.jpg,1,usable,usable,0.9952
Duodenum_CHGA_Male_70_582.jpg,1,unusable,unusable,0.026
Duodenum_CISD3_Male_55_1920.jpg,1,unusable,usable,0.883
Duodenum_CISH_Male_55_1920.jpg,1,usable,usable,0.992
Duodenum_CKAP4_Male_70_582.jpg,1,usable,usable,0.9834
Duodenum_CMAS_Male_55_1920.jpg,1,usable,usable,0.9944
Duodenum_CNOT1_Male_55_1920.jpg,1,usable,usable,0.9759
Duodenum_COG6_Male_55_1920.jpg,1,usable,usable,0.9981
Duodenum_COPG2_Male_55_1920.jpg,1,unusable,usable,0.7129
Duodenum_COPS9_Male_55_1920.jpg,1,usable,unusable,0.0213
Duodenum_CRBN_Male_55_1920.jpg,1,usable,unusable,0.252
Duodenum_CYP20A1_Male_55_1920.jpg,1,usable,usable,0.9972
Duodenum_DAD1_Male_55_1920.jpg,1,unusable,usable,0.9881
Duodenum_DCAF11_Male_55_1920.jpg,1,usable,usable,0.6744
Duodenum_DCHS1_Male_55_1920.jpg,1,usable,unusable,0.322
Duodenum_DCP1B_Male_55_1920.jpg,1,usable,usable,1
Duodenum_DDX27_Male_55_1920.jpg,1,usable,usable,0.9969
Duodenum_DDX28_Male_55_1920.jpg,1,unusable,usable,0.6212
Duodenum_DENND2B_Male_55_1920.jpg,1,usable,unusable,0.1233
Duodenum_DERL3_Male_55_1920.jpg,1,usable,usable,0.9961
Duodenum_DEXI_Male_55_1920.jpg,1,usable,usable,0.672
Duodenum_DHX38_Male_55_1920.jpg,1,usable,unusable,0.0904
Duodenum_DKC1_Male_70_582.jpg,1,usable,usable,0.8658
Duodenum_DLGAP4_Male_55_1920.jpg,1,usable,usable,0.8148
Duodenum_DNAJC21_Male_55_1920.jpg,1,usable,usable,0.7886
Duodenum_DNAJC3_Male_55_1920.jpg,1,usable,usable,0.987
Duodenum_ECI1_Male_55_1920.jpg,1,unusable,usable,0.6119
Duodenum_EDC3_Male_55_1920.jpg,1,usable,usable,0.9926
Duodenum_EEF1G_Male_55_1920.jpg,1,usable,usable,0.8543
Duodenum_EID2_Male_55_1920.jpg,1,usable,usable,0.997
Duodenum_ELP4_Male_55_1920.jpg,1,unusable,unusable,0.0042
Duodenum_EMC3_Male_55_1920.jpg,1,usable,usable,0.6774
Duodenum_ENSG00000285304_Male_70_582.jpg,1,usable,usable,0.9101
Duodenum_ERBB3_Male_55_1920.jpg,1,usable,usable,0.9667
Duodenum_ERBIN_Male_55_1920.jpg,1,usable,usable,0.9855
Duodenum_ERMAP_Male_55_1920.jpg,1,usable,usable,0.9969
Duodenum_ESF1_Male_55_1920.jpg,1,usable,usable,0.8955
Duodenum_FLAD1_Male_55_1920.jpg,1,usable,usable,0.9924
Duodenum_FRY_Male_55_1920.jpg,1,usable,usable,0.9939
Duodenum_G6PC1_Male_55_1920.jpg,1,usable,usable,0.9943
Duodenum_GALNT11_Male_55_1920.jpg,1,usable,usable,0.9938
Duodenum_GBP2_Male_55_1920.jpg,1,unusable,unusable,0.2365
Duodenum_GBP4_Male_55_1920.jpg,1,usable,usable,0.9836
Duodenum_GCHFR_Male_55_1920.jpg,1,unusable,unusable,0.039
Duodenum_GCSH_Male_55_1920.jpg,1,usable,usable,0.9897
Duodenum_GIPC1_Male_55_1920.jpg,1,usable,usable,0.9951
Duodenum_GMCL1_Male_55_1920.jpg,1,unusable,usable,0.8856
Duodenum_GMCL2_Male_55_1920.jpg,1,usable,usable,0.8856
Duodenum_GMDS_Male_55_1920.jpg,1,usable,usable,1
Duodenum_GPAT3_Male_55_1920.jpg,1,usable,usable,0.9652
Duodenum_GPKOW_Male_70_582.jpg,1,usable,unusable,0.2115
Duodenum_GRK3_Male_70_582.jpg,1,usable,usable,0.9979
Duodenum_H1-3_Male_55_1920.jpg,1,usable,usable,0.993
Duodenum_H2BC10_Male_55_1920.jpg,1,usable,usable,0.9904
Duodenum_H2BC12L_Male_55_1920.jpg,1,usable,usable,0.9904
Duodenum_H2BC17_Male_55_1920.jpg,1,usable,usable,0.9904
Duodenum_H2BC6_Male_55_1920.jpg,1,usable,usable,0.9904
Duodenum_H2BC7_Male_55_1920.jpg,1,usable,usable,0.9904
Duodenum_H3-3B_Male_55_1920.jpg,1,usable,usable,0.9828
Duodenum_H4C12_Male_55_1920.jpg,1,usable,usable,0.9538
Duodenum_HADH_Male_55_1920.jpg,1,usable,usable,0.9868
Duodenum_HAUS3_Male_55_1920.jpg,1,usable,usable,0.9171
Duodenum_HAUS8_Male_55_1920.jpg,1,usable,usable,0.9256
Duodenum_HAX1_Male_55_1920.jpg,1,unusable,usable,0.9974
Duodenum_HBP1_Male_55_1920.jpg,1,usable,usable,0.9948
Duodenum_HNRNPUL1_Male_55_1920.jpg,1,usable,usable,0.965
Duodenum_HPCAL1_Male_55_1920.jpg,1,usable,usable,0.9436
Duodenum_HPRT1_Female_53_3413.jpg,1,unusable,unusable,0.1482
Duodenum_HSD11B2_Male_55_1920.jpg,1,usable,usable,0.9714
Duodenum_HSD17B7_Male_55_1920.jpg,1,usable,usable,0.9979
Duodenum_ICA1L_Male_55_1920.jpg,1,unusable,unusable,0.2959
Duodenum_IFTAP_Male_55_1920.jpg,1,usable,usable,0.9944
Duodenum_INTS8_Male_55_1920.jpg,1,usable,unusable,0.128
Duodenum_ISCA1_Male_55_1920.jpg,1,usable,usable,0.9974
Duodenum_ITGA11_Male_55_1920.jpg,1,unusable,usable,0.906
Duodenum_KDM6A_Male_70_582.jpg,1,usable,unusable,0.2439
Duodenum_MAX_Male_70_582.jpg,1,usable,usable,0.997
Duodenum_RNF113A_Male_70_582.jpg,1,usable,usable,0.9771
Duodenum_SH3BP1_Male_70_582.jpg,1,usable,usable,0.9101
Duodenum_SP1_Male_70_582.jpg,1,usable,usable,0.8875
Small_intestine_A1CF_Female_68_3852.jpg,1,usable,usable,0.998
Small_intestine_AAGAB_Female_64_2450.jpg,1,usable,usable,0.9959
Small_intestine_AAGAB_Female_68_3852.jpg,1,usable,usable,0.9981
Small_intestine_AARS2_Female_64_2450.jpg,1,usable,usable,0.9952
Small_intestine_AASDH_Female_64_2450.jpg,1,usable,unusable,0.4912
Small_intestine_ABCA9_Female_64_2450.jpg,1,usable,usable,0.6456
Small_intestine_ABCA9_Female_68_3852.jpg,1,usable,usable,0.5833
Small_intestine_ABCD3_Female_64_2450.jpg,1,usable,usable,0.9535
Small_intestine_ABCF3_Female_64_2450.jpg,1,usable,usable,0.9969
Small_intestine_ABCG2_Female_68_3852.jpg,1,usable,usable,0.9972
Small_intestine_ABHD10_Female_64_2450.jpg,1,usable,usable,0.8307
Small_intestine_ABHD18_Female_64_2450.jpg,1,usable,usable,0.8383
Small_intestine_ABHD18_Female_68_3852.jpg,1,usable,usable,0.8995
Small_intestine_ABR_Female_64_2450.jpg,1,usable,usable,0.9903
Small_intestine_ABR_Female_68_3852.jpg,1,usable,usable,0.9939
Small_intestine_ACAA2_Female_64_2450.jpg,1,usable,usable,0.9894
Small_intestine_ACAA2_Female_68_3852.jpg,1,usable,usable,0.9981
Small_intestine_ACACA_Female_68_3852.jpg,1,usable,unusable,0.3129
Small_intestine_ACAD8_Female_64_2450.jpg,1,usable,usable,0.994
Small_intestine_ACAD8_Female_68_3852.jpg,1,usable,usable,0.9957
Small_intestine_ACADSB_Female_44_1800.jpg,1,usable,unusable,0.0949
Small_intestine_ACAP2_Female_64_2450.jpg,1,usable,usable,0.9081
Small_intestine_ACAP3_Female_68_3852.jpg,1,usable,usable,0.6622
Small_intestine_ACE2_Female_44_1800.jpg,1,usable,usable,0.9485
Small_intestine_ACE_Female_68_3852.jpg,1,usable,usable,0.9982
Small_intestine_ACSL1_Female_44_1800.jpg,1,usable,usable,0.9821
Small_intestine_ACSL5_Female_68_3852.jpg,1,usable,usable,0.999
Small_intestine_ACSL6_Female_44_1800.jpg,1,usable,usable,0.926
Small_intestine_ADH6_Female_44_1800.jpg,1,unusable,unusable,0.0696
Small_intestine_ADM_Female_44_1800.jpg,1,usable,usable,0.9989
Small_intestine_ADORA2A_Female_44_1800.jpg,1,unusable,unusable,0.2641
Small_intestine_AGTPBP1_Female_44_1800.jpg,1,usable,usable,0.9949
Small_intestine_AK5_Female_44_1800.jpg,1,usable,usable,0.5682
Small_intestine_AKR1C1_Female_44_1800.jpg,1,usable,usable,0.9857
Small_intestine_AKR1C3_Female_44_1800.jpg,1,usable,usable,0.9857
Small_intestine_ALDH4A1_Female_44_1800.jpg,1,usable,usable,0.9305
Small_intestine_APPBP2_Male_37_1652.jpg,1,usable,usable,0.9842
Small_intestine_CYB561D2_Male_37_1652.jpg,1,usable,usable,0.9831
Small_intestine_ENSG00000271254_Male_7_1826.jpg,1,usable,unusable,0.0335
Duodenum_ABHD8_Male_54_2562.jpg,2,usable,usable,0.9984
Duodenum_ACAN_Male_54_2562.jpg,2,unusable,usable,0.6187
Duodenum_ACBD3_Male_54_2562.jpg,2,usable,usable,0.9659
Duodenum_ACSL3_Male_54_2562.jpg,2,usable,usable,0.893
Duodenum_AGR2_Male_54_2562.jpg,2,usable,usable,0.9873
Duodenum_AKR1C3_Male_54_2562.jpg,2,usable,usable,0.8766
Duodenum_ALDOB_Female_75_1098.jpg,2,usable,usable,0.9987
Duodenum_API5_Male_54_2562.jpg,2,usable,unusable,0.1391
Duodenum_APOO_Male_54_2562.jpg,2,usable,usable,0.9736
Duodenum_ARHGAP12_Male_54_2562.jpg,2,usable,usable,0.9881
Duodenum_ARHGEF16_Male_54_2562.jpg,2,usable,usable,0.9998
Duodenum_ATG12_Male_54_2562.jpg,2,usable,usable,0.9999
Duodenum_ATP5IF1_Male_54_2562.jpg,2,usable,usable,0.9448
Duodenum_ATP7A_Male_54_2562.jpg,2,usable,usable,0.9973
Duodenum_ATXN1_Male_54_2562.jpg,2,usable,usable,0.9631
Duodenum_AXIN2_Male_54_2562.jpg,2,usable,usable,0.7171
Duodenum_AZIN1_Male_54_2562.jpg,2,usable,unusable,0.2229
Duodenum_B4GALT6_Male_54_2562.jpg,2,usable,usable,0.9865
Duodenum_BCL2L2-PABPN1_Male_73_64.jpg,2,usable,usable,0.9184
Duodenum_BMP1_Male_54_2562.jpg,2,usable,usable,0.9915
Duodenum_BMP2K_Male_54_2562.jpg,2,unusable,unusable,0.2546
Duodenum_BPNT2_Male_54_2562.jpg,2,usable,usable,0.9222
Duodenum_BTF3_Male_54_2562.jpg,2,unusable,usable,0.8523
Duodenum_C1orf116_Male_54_2562.jpg,2,usable,usable,0.7976
Duodenum_C9orf72_Male_54_2562.jpg,2,usable,usable,0.9997
Duodenum_CALHM2_Male_54_2562.jpg,2,usable,usable,0.9271
Duodenum_CCDC186_Male_54_2562.jpg,2,usable,usable,0.992
Duodenum_CCDC68_Male_54_2562.jpg,2,usable,usable,0.9861
Duodenum_CCNDBP1_Male_54_2562.jpg,2,usable,usable,0.9977
Duodenum_CDK11B_Male_54_2562.jpg,2,usable,usable,0.9944
Duodenum_CDK12_Male_54_2562.jpg,2,usable,usable,0.9898
Duodenum_CGN_Male_54_2562.jpg,2,usable,usable,0.7084
Duodenum_CHADL_Male_54_2562.jpg,2,usable,usable,0.9917
Duodenum_CHAF1A_Male_54_2562.jpg,2,usable,usable,0.9941
Duodenum_CHD4_Male_54_2562.jpg,2,usable,usable,0.9919
Duodenum_CNNM3_Male_54_2562.jpg,2,usable,usable,0.9945
Duodenum_COQ8B_Male_54_2562.jpg,2,usable,usable,0.5126
Duodenum_CPNE3_Male_54_2562.jpg,2,unusable,usable,0.9679
Duodenum_CPSF2_Male_54_2562.jpg,2,unusable,unusable,0.4072
Duodenum_CPSF6_Male_54_2562.jpg,2,usable,usable,0.9973
Duodenum_CRK_Male_54_2562.jpg,2,usable,usable,0.9365
Duodenum_CTNNA1_Male_54_2562.jpg,2,usable,usable,0.9991
Duodenum_CTSS_Female_75_1098.jpg,2,usable,usable,0.9948
Duodenum_CWC25_Male_54_2562.jpg,2,usable,usable,0.9932
Duodenum_DARS2_Male_54_2562.jpg,2,usable,unusable,0.4813
Duodenum_DCLK1_Male_54_2562.jpg,2,usable,usable,0.9891
Duodenum_DCTN6_Male_54_2562.jpg,2,usable,unusable,0.2984
Duodenum_DDIT4_Male_54_2562.jpg,2,unusable,usable,0.9785
Duodenum_DENND11_Male_54_2562.jpg,2,usable,usable,0.6223
Duodenum_DERL1_Male_54_2562.jpg,2,usable,usable,0.9464
Duodenum_DHRS1_Male_73_64.jpg,2,usable,usable,0.6906
Duodenum_DHX9_Male_54_2562.jpg,2,usable,unusable,0.1658
Duodenum_DMXL1_Male_54_2562.jpg,2,unusable,unusable,0.0185
Duodenum_DNASE1_Male_54_2562.jpg,2,usable,unusable,0.3005
Duodenum_DNPH1_Male_54_2562.jpg,2,usable,usable,0.998
Duodenum_DYNLRB1_Male_54_2562.jpg,2,usable,usable,0.9971
Duodenum_EBNA1BP2_Male_54_2562.jpg,2,usable,usable,0.9927
Duodenum_EEF2_Male_54_2562.jpg,2,usable,usable,0.9988
Duodenum_EFTUD2_Male_54_2562.jpg,2,usable,usable,0.9954
Duodenum_EIF2AK3_Male_54_2562.jpg,2,usable,usable,0.7718
Duodenum_ELAPOR1_Male_54_2562.jpg,2,usable,unusable,0.0129
Duodenum_ENDOD1_Male_54_2562.jpg,2,usable,usable,0.9992
Duodenum_ENSG00000262660_Male_54_2562.jpg,2,usable,usable,0.9969
Duodenum_FABP6_Male_54_2562.jpg,2,unusable,unusable,0.0048
Duodenum_FAM174B_Male_54_2562.jpg,2,usable,usable,0.9698
Duodenum_FAR2_Male_54_2562.jpg,2,usable,usable,0.9906
Duodenum_FKBP8_Male_54_2562.jpg,2,usable,usable,0.9361
Duodenum_FMR1_Male_54_2562.jpg,2,usable,usable,0.9962
Duodenum_FOXJ2_Male_54_2562.jpg,2,usable,usable,0.9764
Duodenum_FUBP1_Male_54_2562.jpg,2,usable,usable,0.7552
Duodenum_FUT11_Male_54_2562.jpg,2,usable,usable,0.995
Duodenum_GABRP_Male_54_2562.jpg,2,usable,usable,0.9556
Duodenum_GAK_Male_54_2562.jpg,2,unusable,usable,0.9216
Duodenum_GALC_Male_54_2562.jpg,2,usable,usable,0.9631
Duodenum_GAS1_Male_54_2562.jpg,2,usable,usable,0.9822
Duodenum_GATA4_Male_54_2562.jpg,2,usable,usable,0.7357
Duodenum_GATA6_Male_54_2562.jpg,2,usable,usable,0.9961
Duodenum_GDI1_Male_54_2562.jpg,2,usable,unusable,0.2944
Duodenum_GNA13_Male_54_2562.jpg,2,usable,unusable,0.0933
Duodenum_GOLGA4_Male_54_2562.jpg,2,usable,usable,0.9969
Duodenum_GPD2_Male_54_2562.jpg,2,usable,usable,0.9527
Duodenum_GPR27_Male_54_2562.jpg,2,usable,unusable,0.1055
Duodenum_GTF2E1_Male_54_2562.jpg,2,usable,usable,0.7638
Duodenum_H1-2_Male_54_2562.jpg,2,unusable,usable,0.6674
Duodenum_H2AZ1_Male_54_2562.jpg,2,usable,usable,0.8549
Duodenum_H3-3A_Male_54_2562.jpg,2,unusable,unusable,0.1918
Duodenum_H4C16_Male_54_2562.jpg,2,usable,usable,0.9966
Duodenum_HDGFL2_Male_54_2562.jpg,2,usable,usable,0.9968
Duodenum_HIBCH_Male_54_2562.jpg,2,usable,usable,0.9967
Duodenum_HMOX1_Male_73_64.jpg,2,usable,usable,0.6453
Duodenum_HNF1A_Male_54_2562.jpg,2,usable,usable,0.8936
Duodenum_HNRNPL_Male_54_2562.jpg,2,usable,usable,0.8792
Duodenum_HNRNPU_Male_54_2562.jpg,2,usable,usable,0.9759
Duodenum_HSPA12B_Male_54_2562.jpg,2,unusable,unusable,0.4036
Duodenum_ICOSLG_Male_54_2562.jpg,2,usable,usable,0.8942
Duodenum_IDH2_Male_54_2562.jpg,2,usable,usable,0.9948
Duodenum_IFI30_Male_54_2562.jpg,2,usable,usable,0.9966
Duodenum_IFT80_Male_54_2562.jpg,2,usable,usable,0.9916
Duodenum_INPP5A_Male_54_2562.jpg,2,usable,usable,0.9866
Duodenum_ISCU_Male_54_2562.jpg,2,usable,usable,0.8877
"Small_intestine,_NOS_ACACA_Female_71_3004.jpg",2,usable,usable,1
"Small_intestine,_NOS_ANKRD37_Female_71_3004.jpg",2,usable,usable,0.997
"Small_intestine,_NOS_ARHGAP6_Female_71_3004.jpg",2,usable,usable,0.9984
"Small_intestine,_NOS_B4GALT1_Female_71_3004.jpg",2,usable,usable,0.9993
"Small_intestine,_NOS_C8orf44-SGK3_Female_71_3004.jpg",2,usable,usable,0.7864
"Small_intestine,_NOS_CCT3_Female_71_3004.jpg",2,usable,usable,0.9923
"Small_intestine,_NOS_DCLK1_Female_71_3004.jpg",2,usable,usable,0.9936
"Small_intestine,_NOS_DDX49_Female_71_3004.jpg",2,usable,usable,0.9803
"Small_intestine,_NOS_DNPEP_Female_71_3004.jpg",2,usable,usable,0.9996
"Small_intestine,_NOS_GYS1_Female_71_3004.jpg",2,usable,usable,0.9527
Small_intestine_ABCD3_Female_56_1499.jpg,2,usable,usable,0.7031
Small_intestine_ACTA1_Female_37_29.jpg,2,usable,usable,0.9229
Small_intestine_ACTA1_Male_1_493.jpg,2,usable,usable,0.9947
Small_intestine_ACTA2_Female_37_29.jpg,2,usable,usable,0.8571
Small_intestine_ACTA2_Male_1_493.jpg,2,usable,unusable,0.0473
Small_intestine_ACY3_Female_56_1499.jpg,2,usable,usable,0.9927
Small_intestine_ADSL_Female_37_29.jpg,2,usable,usable,0.7896
Small_intestine_AGPAT1_Female_56_1499.jpg,2,usable,unusable,0.3988
Small_intestine_AIP_Female_56_1499.jpg,2,usable,usable,0.9994
Small_intestine_AK3_Female_56_1499.jpg,2,usable,usable,0.9995
Small_intestine_AKAP8_Female_56_1499.jpg,2,usable,usable,0.9961
Small_intestine_AKR1B10_Female_56_1499.jpg,2,usable,usable,0.9999
Small_intestine_ALDH1B1_Female_56_1499.jpg,2,usable,usable,0.9647
Small_intestine_ALDOB_Male_59_969.jpg,2,usable,usable,0.932
Small_intestine_AMN_Female_37_29.jpg,2,usable,usable,0.9374
Small_intestine_AMN_Male_1_493.jpg,2,usable,usable,0.9942
Small_intestine_ANXA13_Female_56_1499.jpg,2,usable,usable,0.9965
Small_intestine_API5_Male_Unknown_1359.jpg,2,usable,usable,0.9963
Small_intestine_APOA4_Female_56_1499.jpg,2,usable,usable,0.9995
Small_intestine_APTX_Female_56_1499.jpg,2,usable,usable,0.9892
Small_intestine_AQP10_Female_56_1499.jpg,2,usable,usable,0.994
Small_intestine_ARG2_Female_37_29.jpg,2,usable,usable,0.7969
Small_intestine_ARG2_Male_1_493.jpg,2,usable,usable,0.783
Small_intestine_ARHGEF10L_Male_Unknown_1359.jpg,2,unusable,usable,0.9307
Small_intestine_ATF7IP_Male_Unknown_1359.jpg,2,usable,usable,0.8824
Small_intestine_ATXN3_Male_Unknown_1359.jpg,2,usable,usable,0.9999
Small_intestine_BAIAP2L1_Male_Unknown_1359.jpg,2,usable,usable,0.9942
Small_intestine_BCL2L2-PABPN1_Female_37_29.jpg,2,usable,usable,0.889
Small_intestine_BCL2L2-PABPN1_Male_1_493.jpg,2,usable,usable,0.9309
Small_intestine_BRPF3_Male_Unknown_1359.jpg,2,usable,usable,0.9993
Small_intestine_C17orf49_Male_Unknown_1359.jpg,2,usable,usable,0.9666
Small_intestine_C1orf54_Male_Unknown_1359.jpg,2,usable,usable,0.9616
Small_intestine_C9orf72_Male_Unknown_1359.jpg,2,usable,usable,0.9301
Small_intestine_CALR_Male_59_969.jpg,2,usable,usable,0.9842
Small_intestine_CANT1_Male_Unknown_1359.jpg,2,usable,usable,0.9087
Small_intestine_CASK_Male_59_969.jpg,2,usable,usable,0.9917
Small_intestine_CASP6_Male_Unknown_1359.jpg,2,usable,usable,0.9963
Small_intestine_CCNB1_Male_59_969.jpg,2,usable,usable,0.8677
Small_intestine_CCNG1_Male_59_969.jpg,2,usable,usable,0.9066
Small_intestine_CD44_Female_37_29.jpg,2,usable,usable,0.7247
Small_intestine_CD44_Male_1_493.jpg,2,unusable,unusable,0.44
Small_intestine_CDCA5_Male_Unknown_1359.jpg,2,usable,unusable,0.4213
Small_intestine_CHGA_Female_37_29.jpg,2,usable,usable,0.8925
Small_intestine_CHGA_Male_1_493.jpg,2,usable,usable,0.6753
Small_intestine_CKAP4_Female_37_29.jpg,2,usable,unusable,0.493
Small_intestine_CKAP4_Male_1_493.jpg,2,usable,usable,0.9402
Small_intestine_CKAP4_Male_59_969.jpg,2,usable,usable,0.9983
Small_intestine_CLU_Female_37_29.jpg,2,usable,usable,0.7137
Small_intestine_CLU_Male_1_493.jpg,2,usable,unusable,0.1103
Small_intestine_CTNNB1_Male_59_969.jpg,2,usable,usable,0.9703
Small_intestine_CTSB_Female_37_29.jpg,2,usable,usable,0.7793
Small_intestine_CTSB_Male_1_493.jpg,2,usable,usable,0.5863
Small_intestine_CTSH_Male_59_969.jpg,2,usable,usable,0.9895
Small_intestine_CTSS_Male_59_969.jpg,2,usable,usable,0.958
Small_intestine_DHRS1_Female_37_29.jpg,2,usable,usable,0.8185
Small_intestine_DHRS1_Male_1_493.jpg,2,usable,usable,0.9835
Small_intestine_DKC1_Male_1_493.jpg,2,unusable,unusable,0.1265
Small_intestine_EIF5_Male_59_969.jpg,2,usable,usable,0.9931
Small_intestine_H1-0_Male_59_969.jpg,2,usable,usable,0.9686
Small_intestine_HSPA9_Male_59_969.jpg,2,usable,usable,0.9788
Duodenum_A1CF_Female_67_3479.jpg,3,usable,usable,0.5116
Duodenum_ABCA4_Female_61_3614.jpg,3,usable,usable,0.5078
Duodenum_ABCG2_Female_67_3479.jpg,3,usable,usable,0.5187
Duodenum_ABI3_Female_61_3614.jpg,3,unusable,usable,0.5079
Duodenum_ACSL1_Female_61_3614.jpg,3,unusable,unusable,0.486
Duodenum_ACSL6_Female_67_3479.jpg,3,usable,usable,0.5463
Duodenum_ADH6_Female_67_3479.jpg,3,usable,usable,0.5562
Duodenum_ADORA2A_Female_67_3479.jpg,3,usable,usable,0.5018
Duodenum_AGPAT1_Female_67_3479.jpg,3,usable,usable,0.5494
Duodenum_AGTPBP1_Female_67_3479.jpg,3,usable,usable,0.5247
Duodenum_AIP_Female_67_3479.jpg,3,usable,usable,0.5634
Duodenum_AKAP8_Female_67_3479.jpg,3,usable,usable,0.5351
Duodenum_AKIRIN1_Female_67_3479.jpg,3,usable,usable,0.5494
Duodenum_ALDOB_Male_84_139.jpg,3,usable,usable,0.5398
Duodenum_ALG6_Female_61_3614.jpg,3,unusable,usable,0.5356
Duodenum_ALG8_Female_67_3479.jpg,3,usable,usable,0.5236
Duodenum_ALKBH4_Female_67_3479.jpg,3,unusable,usable,0.509
Duodenum_AMN_Female_48_75.jpg,3,usable,usable,0.5399
Duodenum_ANKRA2_Female_67_3479.jpg,3,usable,usable,0.5272
Duodenum_APC_Female_61_3614.jpg,3,unusable,usable,0.5292
Duodenum_APOC3_Female_61_3614.jpg,3,unusable,unusable,0.4919
Duodenum_AQP1_Female_48_75.jpg,3,unusable,usable,0.505
Duodenum_AQP1_Male_63_1647.jpg,3,unusable,usable,0.5121
Duodenum_AQP1_Male_79_2650.jpg,3,usable,usable,0.5256
Duodenum_ARG2_Female_48_75.jpg,3,unusable,unusable,0.4958
Duodenum_ARL15_Female_67_3479.jpg,3,usable,usable,0.5666
Duodenum_ARL17A_Female_67_3479.jpg,3,usable,usable,0.5214
Duodenum_ARL17B_Female_67_3479.jpg,3,usable,usable,0.5214
Duodenum_ARL6IP4_Female_67_3479.jpg,3,usable,usable,0.7145
Duodenum_ATP1B1_Female_61_3614.jpg,3,unusable,unusable,0.4924
Duodenum_ATP5MC2_Female_67_3479.jpg,3,usable,usable,0.5618
Duodenum_ATP6V1C2_Female_61_3614.jpg,3,unusable,unusable,0.4961
Duodenum_BCL2L2-PABPN1_Female_48_75.jpg,3,unusable,usable,0.5043
Duodenum_BCO2_Female_61_3614.jpg,3,unusable,unusable,0.4966
Duodenum_BICDL2_Female_67_3479.jpg,3,unusable,usable,0.513
Duodenum_BIRC6_Female_67_3479.jpg,3,unusable,usable,0.5069
Duodenum_BLTP3B_Female_67_3479.jpg,3,usable,usable,0.6766
Duodenum_BRD7_Female_67_3479.jpg,3,unusable,unusable,0.4847
Duodenum_C1orf226_Female_67_3479.jpg,3,usable,usable,0.5556
Duodenum_C20orf96_Female_67_3479.jpg,3,usable,unusable,0.4974
Duodenum_C2orf68_Female_67_3479.jpg,3,usable,usable,0.5289
Duodenum_C9orf64_Female_67_3479.jpg,3,usable,usable,0.5205
Duodenum_C9orf85_Female_61_3614.jpg,3,unusable,unusable,0.4963
Duodenum_CADPS_Female_67_3479.jpg,3,usable,unusable,0.499
Duodenum_CALR_Male_79_2650.jpg,3,unusable,usable,0.5087
Duodenum_CASK_Male_79_2650.jpg,3,unusable,usable,0.5494
Duodenum_CASK_Male_84_139.jpg,3,usable,usable,0.7705
Duodenum_CASTOR2_Female_67_3479.jpg,3,usable,usable,0.5322
Duodenum_CBFA2T3_Female_67_3479.jpg,3,unusable,usable,0.512
Duodenum_CCDC159_Female_67_3479.jpg,3,usable,usable,0.5686
Duodenum_CCDC66_Female_61_3614.jpg,3,unusable,usable,0.5378
Duodenum_CCDC85B_Female_67_3479.jpg,3,usable,unusable,0.4923
Duodenum_CCK_Female_61_3614.jpg,3,unusable,unusable,0.4864
Duodenum_CCNA2_Female_67_3479.jpg,3,unusable,unusable,0.4934
Duodenum_CCNB1_Male_63_1647.jpg,3,unusable,unusable,0.4978
Duodenum_CCNB1_Male_79_2650.jpg,3,usable,usable,0.5145
Duodenum_CCNG1_Male_79_2650.jpg,3,usable,usable,0.5188
Duodenum_CD248_Female_67_3479.jpg,3,usable,usable,0.505
Duodenum_CD44_Female_48_75.jpg,3,unusable,unusable,0.4969
Duodenum_CD44_Male_63_1647.jpg,3,unusable,unusable,0.4993
Duodenum_CDC14A_Female_61_3614.jpg,3,unusable,usable,0.5127
Duodenum_CDCA2_Female_61_3614.jpg,3,unusable,unusable,0.4943
Duodenum_CDKL1_Female_67_3479.jpg,3,usable,usable,0.5718
Duodenum_CDX1_Female_67_3479.jpg,3,unusable,unusable,0.4857
Duodenum_CDYL_Female_67_3479.jpg,3,usable,usable,0.5284
Duodenum_CHAT_Female_61_3614.jpg,3,unusable,unusable,0.4808
Duodenum_CHCHD3_Female_67_3479.jpg,3,usable,usable,0.5355
Duodenum_CHGA_Male_63_1647.jpg,3,unusable,unusable,0.4923
Duodenum_CHMP4A_Female_67_3479.jpg,3,usable,usable,0.6548
Duodenum_CIR1_Female_67_3479.jpg,3,usable,usable,0.5246
Duodenum_CKAP4_Male_79_2650.jpg,3,usable,usable,0.5506
Duodenum_CLASP1_Female_67_3479.jpg,3,usable,usable,0.5428
Duodenum_CLPTM1_Female_61_3614.jpg,3,unusable,unusable,0.4939
Duodenum_CLU_Female_48_75.jpg,3,usable,usable,0.5031
Duodenum_CNOT11_Female_61_3614.jpg,3,unusable,unusable,0.4898
Duodenum_COL18A1_Female_61_3614.jpg,3,unusable,usable,0.6472
Duodenum_COQ10B_Female_67_3479.jpg,3,usable,usable,0.5133
Duodenum_COQ6_Female_67_3479.jpg,3,unusable,usable,0.545
Duodenum_COX17_Female_67_3479.jpg,3,usable,usable,0.5176
Duodenum_CPNE6_Female_61_3614.jpg,3,unusable,unusable,0.4941
Duodenum_CTNNB1_Male_79_2650.jpg,3,unusable,usable,0.5172
Duodenum_CTSH_Male_79_2650.jpg,3,usable,usable,0.5127
Duodenum_CTSS_Male_84_139.jpg,3,usable,usable,0.5085
Duodenum_CYB5B_Female_67_3479.jpg,3,unusable,unusable,0.4852
Duodenum_CYB5RL_Female_67_3479.jpg,3,unusable,usable,0.5086
Duodenum_CYP2R1_Female_67_3479.jpg,3,unusable,usable,0.5372
Duodenum_CYP4F3_Female_67_3479.jpg,3,usable,usable,0.5351
Duodenum_DCHS1_Female_67_3479.jpg,3,unusable,usable,0.5012
Duodenum_DDX28_Female_67_3479.jpg,3,usable,usable,0.6104
Duodenum_DDX60_Female_67_3479.jpg,3,usable,usable,0.5963
Duodenum_DEFA5_Female_67_3479.jpg,3,usable,usable,0.5109
Duodenum_DEFA6_Female_67_3479.jpg,3,usable,unusable,0.4929
Duodenum_DHDH_Female_67_3479.jpg,3,usable,usable,0.5254
Duodenum_DHRS1_Female_48_75.jpg,3,unusable,usable,0.5084
Duodenum_DKC1_Male_63_1647.jpg,3,unusable,unusable,0.4943
Duodenum_DLGAP4_Female_67_3479.jpg,3,usable,usable,0.5135
Duodenum_DSTYK_Female_67_3479.jpg,3,usable,usable,0.5853
Duodenum_DTNB_Female_67_3479.jpg,3,usable,usable,0.5343
Duodenum_DTWD1_Female_67_3479.jpg,3,usable,usable,0.5652
Duodenum_E4F1_Female_61_3614.jpg,3,unusable,usable,0.5374
Duodenum_EFHD2_Female_67_3479.jpg,3,usable,usable,0.5938
Duodenum_EID1_Female_67_3479.jpg,3,unusable,usable,0.535
Duodenum_EIF1AD_Female_67_3479.jpg,3,usable,usable,0.5411
Duodenum_EIF3CL_Female_67_3479.jpg,3,usable,usable,0.5632
Duodenum_EIF3F_Female_67_3479.jpg,3,usable,usable,0.5602
Duodenum_EIF5_Male_63_1647.jpg,3,unusable,usable,0.5428
Duodenum_ELOB_Female_67_3479.jpg,3,unusable,usable,0.5056
Duodenum_EMC8_Female_67_3479.jpg,3,usable,usable,0.5004
Duodenum_EMC9_Female_61_3614.jpg,3,unusable,unusable,0.4958
Duodenum_EMID1_Female_48_75.jpg,3,unusable,unusable,0.4981
Duodenum_ENSG00000111780_Female_67_3479.jpg,3,usable,usable,0.5187
Duodenum_ENSG00000285304_Female_48_75.jpg,3,usable,usable,0.5172
Duodenum_ERCC5_Female_67_3479.jpg,3,usable,usable,0.5202
Duodenum_ERN2_Female_67_3479.jpg,3,unusable,usable,0.5014
Duodenum_EXOC3L2_Female_61_3614.jpg,3,unusable,usable,0.5186
Duodenum_EXOC5_Female_67_3479.jpg,3,usable,usable,0.5214
Duodenum_FANCE_Female_67_3479.jpg,3,usable,usable,0.5768
Duodenum_FASTKD3_Female_67_3479.jpg,3,usable,usable,0.6931
Duodenum_FBXO16_Female_61_3614.jpg,3,unusable,usable,0.5058
Duodenum_FER1L6_Female_61_3614.jpg,3,unusable,unusable,0.4935
Duodenum_FLRT3_Female_67_3479.jpg,3,usable,usable,0.5402
Duodenum_FRG1_Female_61_3614.jpg,3,unusable,unusable,0.4899
Duodenum_FXR1_Female_61_3614.jpg,3,unusable,unusable,0.4812
Duodenum_GALK2_Female_67_3479.jpg,3,unusable,usable,0.5607
Duodenum_GALNT12_Female_67_3479.jpg,3,unusable,usable,0.5045
Duodenum_GDPD5_Female_67_3479.jpg,3,usable,usable,0.5502
Duodenum_GIPC2_Female_67_3479.jpg,3,usable,usable,0.5083
Duodenum_GJA4_Female_67_3479.jpg,3,usable,usable,0.5393
Duodenum_GLP2R_Female_67_3479.jpg,3,usable,usable,0.5034
Duodenum_GNAT3_Female_67_3479.jpg,3,usable,unusable,0.4897
Duodenum_GPKOW_Female_48_75.jpg,3,usable,usable,0.5041
Duodenum_GPKOW_Male_63_1647.jpg,3,unusable,usable,0.5047
Duodenum_GRK3_Female_48_75.jpg,3,usable,usable,0.5256
Duodenum_GTF2B_Female_67_3479.jpg,3,usable,usable,0.5762
Duodenum_H1-0_Male_63_1647.jpg,3,unusable,usable,0.5147
Duodenum_H2BC6_Female_67_3479.jpg,3,usable,usable,0.5458
Duodenum_H2BC9_Female_67_3479.jpg,3,usable,usable,0.5458
Duodenum_H4C11_Female_67_3479.jpg,3,usable,usable,0.5379
Duodenum_H4C4_Female_67_3479.jpg,3,usable,usable,0.5379
Duodenum_H4C9_Female_67_3479.jpg,3,usable,usable,0.5379
Duodenum_HID1_Female_61_3614.jpg,3,unusable,unusable,0.4949
Duodenum_HIVEP1_Female_67_3479.jpg,3,usable,usable,0.5162
Duodenum_HKDC1_Female_61_3614.jpg,3,unusable,unusable,0.4843
Duodenum_HMGA1_Female_61_3614.jpg,3,unusable,unusable,0.4882
Duodenum_HMGN5_Male_63_1647.jpg,3,unusable,usable,0.5005
Duodenum_HOPX_Female_67_3479.jpg,3,usable,unusable,0.4973
Duodenum_HSPA9_Male_63_1647.jpg,3,unusable,usable,0.514
Duodenum_HTATSF1_Male_63_1647.jpg,3,unusable,usable,0.5113
Duodenum_HTD2_Female_67_3479.jpg,3,usable,usable,0.5395
Duodenum_IDS_Female_67_3479.jpg,3,usable,usable,0.5101
Duodenum_IFI35_Female_67_3479.jpg,3,usable,usable,0.5306
Duodenum_IGBP1_Female_48_75.jpg,3,unusable,unusable,0.4966
Small_intestine_AACS_Male_26_3472.jpg,3,usable,usable,0.7865
Small_intestine_ABCG2_Male_26_3472.jpg,3,usable,usable,0.5228
Small_intestine_ACACA_Male_26_3472.jpg,3,usable,usable,0.6863
Small_intestine_ACSL5_Male_26_3472.jpg,3,usable,usable,0.5478
Small_intestine_AGTPBP1_Male_26_3472.jpg,3,usable,usable,0.5423
Small_intestine_AK5_Male_26_3472.jpg,3,usable,usable,0.5306
Small_intestine_ALDOB_Male_79_2650.jpg,3,usable,usable,0.617
Small_intestine_ALG1_Male_26_3472.jpg,3,usable,usable,0.6951
Small_intestine_ALPG_Male_26_3472.jpg,3,usable,unusable,0.4973
Small_intestine_ALPI_Male_26_3472.jpg,3,usable,unusable,0.4973
Small_intestine_ALPP_Male_26_3472.jpg,3,usable,unusable,0.4973
Small_intestine_ANLN_Male_26_3472.jpg,3,usable,usable,0.5122
Small_intestine_ARFIP1_Male_26_3472.jpg,3,usable,usable,0.5417
Small_intestine_CALR_Male_79_2650.jpg,3,usable,usable,0.5823
Small_intestine_CASK_Male_79_2650.jpg,3,usable,usable,0.7141
Small_intestine_CTNNB1_Male_79_2650.jpg,3,usable,usable,0.624
Small_intestine_GIPC2_Male_70_1919.jpg,3,usable,usable,0.529
Duodenum_AAAS_Male_35_3219.jpg,4,usable,usable,0.9965
Duodenum_AAGAB_Female_62_3515.jpg,4,usable,usable,0.9803
Duodenum_ABHD10_Male_35_3219.jpg,4,usable,usable,0.6894
Duodenum_ABHD17C_Female_62_3515.jpg,4,usable,usable,0.6742
Duodenum_ACOT2_Female_62_3515.jpg,4,usable,usable,0.9923
Duodenum_ADGRG1_Male_35_3219.jpg,4,usable,usable,0.8439
Duodenum_AK5_Female_62_3515.jpg,4,usable,usable,0.9794
Duodenum_ALDOB_Male_73_1420.jpg,4,usable,unusable,0.2176
Duodenum_ANAPC16_Male_35_3219.jpg,4,usable,usable,0.7374
Duodenum_ANKRD12_Male_35_3219.jpg,4,usable,usable,0.9909
Duodenum_APBA2_Male_35_3219.jpg,4,usable,usable,0.7622
Duodenum_APLP2_Male_35_3219.jpg,4,usable,usable,0.7557
Duodenum_APPBP2_Female_62_3515.jpg,4,usable,usable,0.8985
Duodenum_ARL16_Female_62_3515.jpg,4,usable,usable,0.9933
Duodenum_ARL6IP1_Female_62_3515.jpg,4,usable,usable,0.9943
Duodenum_ATAD2_Male_35_3219.jpg,4,usable,usable,0.9914
Duodenum_ATP5PD_Female_62_3515.jpg,4,usable,usable,0.973
Duodenum_ATP8B4_Male_35_3219.jpg,4,usable,usable,0.9707
Duodenum_AZIN1_Male_35_3219.jpg,4,unusable,usable,0.8713
Duodenum_BBS4_Female_62_3515.jpg,4,usable,usable,0.9477
Duodenum_BBS4_Male_35_3219.jpg,4,usable,usable,0.9043
Duodenum_BCL2L2_Male_35_3219.jpg,4,usable,usable,0.9957
Duodenum_BCS1L_Male_35_3219.jpg,4,usable,usable,0.9921
Duodenum_BDH1_Male_35_3219.jpg,4,usable,usable,0.9751
Duodenum_BICRA_Male_35_3219.jpg,4,unusable,usable,0.921
Duodenum_BLOC1S6_Male_35_3219.jpg,4,usable,usable,0.9536
Duodenum_BUD13_Female_62_3515.jpg,4,usable,usable,0.9955
Duodenum_BUD13_Male_35_3219.jpg,4,usable,usable,0.8278
Duodenum_C17orf67_Male_35_3219.jpg,4,usable,usable,0.9255
Duodenum_C18orf32_Male_35_3219.jpg,4,usable,usable,0.6396
Duodenum_C19orf47_Male_35_3219.jpg,4,usable,usable,0.953
Duodenum_C1orf35_Female_62_3515.jpg,4,usable,usable,0.9877
Duodenum_C2CD3_Female_62_3515.jpg,4,unusable,unusable,0.3013
Duodenum_CALR_Male_73_1420.jpg,4,usable,usable,0.8614
Duodenum_CAPN9_Female_62_3515.jpg,4,usable,usable,0.9028
Duodenum_CASK_Male_73_1420.jpg,4,usable,usable,0.9686
Duodenum_CASP4_Male_35_3219.jpg,4,usable,usable,0.9541
Duodenum_CCDC102B_Male_35_3219.jpg,4,unusable,usable,0.5445
Duodenum_CCDC122_Male_35_3219.jpg,4,usable,usable,0.7265
Duodenum_CCDC125_Male_35_3219.jpg,4,usable,usable,0.9576
Duodenum_CDAN1_Male_35_3219.jpg,4,usable,usable,0.8605
Duodenum_CDC42EP3_Male_35_3219.jpg,4,usable,usable,0.9859
Duodenum_CDO1_Female_62_3515.jpg,4,usable,usable,0.8354
Duodenum_CDS1_Male_35_3219.jpg,4,usable,usable,0.7078
Duodenum_CEP295_Male_35_3219.jpg,4,unusable,usable,0.8066
Duodenum_CEP70_Male_35_3219.jpg,4,usable,usable,0.9635
Duodenum_CHCHD1_Male_35_3219.jpg,4,usable,usable,0.9873
Duodenum_CHCHD2_Female_62_3515.jpg,4,usable,usable,0.932
Duodenum_CHCHD2_Male_35_3219.jpg,4,unusable,usable,0.8823
Duodenum_CHGA_Female_43_148.jpg,4,usable,usable,0.9249
Duodenum_CHTOP_Female_62_3515.jpg,4,usable,usable,0.6961
Duodenum_CHTOP_Male_35_3219.jpg,4,unusable,unusable,0.1255
Duodenum_CISH_Male_35_3219.jpg,4,usable,usable,0.9679
Duodenum_CKAP2L_Male_35_3219.jpg,4,usable,usable,0.9827
Duodenum_CLIC1_Male_35_3219.jpg,4,usable,unusable,0.4315
Duodenum_CLYBL_Male_35_3219.jpg,4,usable,usable,0.9454
Duodenum_COPG1_Male_35_3219.jpg,4,usable,usable,0.9671
Duodenum_COPS4_Male_35_3219.jpg,4,usable,usable,0.6788
Duodenum_CORO1C_Male_35_3219.jpg,4,usable,usable,0.9863
Duodenum_CORO2A_Male_35_3219.jpg,4,usable,usable,0.978
Duodenum_CORO7_Male_35_3219.jpg,4,usable,usable,0.9174
Duodenum_CPLANE1_Male_35_3219.jpg,4,usable,usable,0.9773
Duodenum_CPSF6_Female_62_3515.jpg,4,usable,usable,0.5678
Duodenum_CPSF7_Male_35_3219.jpg,4,usable,usable,0.8293
Duodenum_CREBL2_Male_35_3219.jpg,4,usable,usable,0.9313
Duodenum_CRTAP_Male_35_3219.jpg,4,usable,usable,0.8619
Duodenum_CRY2_Male_35_3219.jpg,4,usable,usable,0.9268
Duodenum_CSTF3_Male_35_3219.jpg,4,usable,usable,0.9875
Duodenum_CTNNB1_Male_73_1420.jpg,4,usable,usable,0.8645
Duodenum_CTSS_Male_73_1420.jpg,4,usable,unusable,0.12
Duodenum_DELE1_Male_35_3219.jpg,4,usable,usable,0.9272
Duodenum_DENND2D_Male_35_3219.jpg,4,usable,usable,0.915
Duodenum_DEXI_Male_35_3219.jpg,4,usable,usable,0.9816
Duodenum_DHX29_Male_35_3219.jpg,4,usable,usable,0.8767
Duodenum_DKC1_Female_43_148.jpg,4,unusable,usable,0.9651
Duodenum_DMBT1_Female_62_3515.jpg,4,usable,usable,0.9708
Duodenum_DNAJC9_Female_62_3515.jpg,4,usable,usable,0.9253
Duodenum_DPEP2_Male_35_3219.jpg,4,usable,usable,0.9657
Duodenum_DYNC2H1_Male_35_3219.jpg,4,usable,usable,0.6726
Duodenum_EDEM2_Male_35_3219.jpg,4,usable,usable,0.8705
Duodenum_EEF1D_Female_62_3515.jpg,4,usable,usable,0.9932
Duodenum_EIF3I_Female_62_3515.jpg,4,usable,usable,0.7089
Duodenum_EIF6_Male_35_3219.jpg,4,usable,usable,0.991
Duodenum_ELAPOR1_Male_35_3219.jpg,4,usable,usable,0.8506
Duodenum_ELOVL7_Female_62_3515.jpg,4,usable,usable,0.9797
Duodenum_EMC3_Male_35_3219.jpg,4,usable,usable,0.8881
Duodenum_ENSG00000131152_Female_62_3515.jpg,4,usable,usable,0.961
Duodenum_FAHD2A_Male_35_3219.jpg,4,usable,usable,0.9951
Duodenum_FAM104B_Female_62_3515.jpg,4,unusable,unusable,0.0758
Duodenum_FBXW5_Female_62_3515.jpg,4,usable,usable,0.9943
Duodenum_FBXW7_Female_62_3515.jpg,4,usable,usable,0.756
Duodenum_FGF19_Male_35_3219.jpg,4,usable,usable,0.8689
Duodenum_FHIP2B_Female_62_3515.jpg,4,usable,usable,0.9979
Duodenum_FLAD1_Male_35_3219.jpg,4,unusable,usable,0.5332
Duodenum_FLVCR2_Male_35_3219.jpg,4,usable,usable,0.9883
Duodenum_FOCAD_Male_35_3219.jpg,4,usable,usable,0.9418
Duodenum_FOXK2_Male_35_3219.jpg,4,usable,usable,0.9832
Duodenum_GABARAPL2_Female_62_3515.jpg,4,usable,usable,0.9207
Duodenum_GBP2_Male_35_3219.jpg,4,usable,unusable,0.4212
Duodenum_GID8_Female_62_3515.jpg,4,usable,usable,0.9638
Duodenum_GIMAP1_Female_62_3515.jpg,4,usable,usable,0.9948
Duodenum_GLMN_Male_35_3219.jpg,4,usable,usable,0.9664
Duodenum_GMCL2_Male_35_3219.jpg,4,usable,usable,0.8453
Duodenum_GMEB1_Male_35_3219.jpg,4,usable,usable,0.7702
Duodenum_GOLGA8A_Male_35_3219.jpg,4,usable,usable,0.9732
Duodenum_GORASP1_Male_35_3219.jpg,4,usable,usable,0.9959
Duodenum_GPBP1_Female_62_3515.jpg,4,usable,usable,0.9895
Duodenum_GPN3_Male_35_3219.jpg,4,usable,usable,0.9356
Duodenum_GPR155_Male_35_3219.jpg,4,usable,usable,0.9183
Duodenum_GTF2IRD1_Male_35_3219.jpg,4,usable,usable,0.9737
Duodenum_GTPBP1_Male_35_3219.jpg,4,usable,usable,0.8191
Duodenum_H3C11_Female_62_3515.jpg,4,usable,usable,0.9678
Duodenum_H3C12_Female_62_3515.jpg,4,usable,usable,0.9678
Duodenum_H3C13_Female_62_3515.jpg,4,usable,usable,0.9678
Duodenum_H3C15_Female_62_3515.jpg,4,usable,usable,0.9678
Duodenum_H3C4_Female_62_3515.jpg,4,usable,usable,0.9678
Duodenum_HADH_Male_35_3219.jpg,4,unusable,unusable,0.0175
Duodenum_HAUS8_Male_35_3219.jpg,4,usable,usable,0.7481
Duodenum_HDAC9_Male_35_3219.jpg,4,usable,usable,0.9471
Duodenum_HDHD2_Male_35_3219.jpg,4,usable,usable,0.9786
Duodenum_HEY2_Male_35_3219.jpg,4,usable,usable,0.9176
Duodenum_HIGD2A_Male_35_3219.jpg,4,unusable,unusable,0.0897
Duodenum_HIRA_Female_62_3515.jpg,4,usable,usable,0.9892
Duodenum_HNRNPA1_Male_35_3219.jpg,4,usable,unusable,0.4488
Duodenum_HSD11B2_Male_35_3219.jpg,4,usable,usable,0.9789
Duodenum_HSPE1-MOB4_Male_35_3219.jpg,4,usable,usable,0.7001
Duodenum_IFT22_Male_35_3219.jpg,4,usable,usable,0.9619
Duodenum_INTS10_Male_35_3219.jpg,4,usable,usable,0.9851
Duodenum_IRF2BP2_Male_35_3219.jpg,4,usable,usable,0.9029
Duodenum_ISCA2_Male_35_3219.jpg,4,usable,usable,0.9826
Duodenum_KTN1_Male_73_1420.jpg,4,usable,usable,0.9828
Duodenum_MGAM_Male_73_1420.jpg,4,usable,usable,0.6167
Duodenum_SAFB_Male_73_1420.jpg,4,usable,unusable,0.4698
Small_intestine_AATF_Male_71_2411.jpg,4,usable,usable,0.9633
Small_intestine_ABCD3_Female_90_4380.jpg,4,unusable,usable,0.9493
Small_intestine_ABHD2_Male_71_2411.jpg,4,usable,usable,0.9575
Small_intestine_ACADM_Male_71_2411.jpg,4,usable,usable,0.9731
Small_intestine_ACAT1_Male_71_2411.jpg,4,usable,usable,0.8574
Small_intestine_ACBD5_Male_71_2411.jpg,4,usable,usable,0.9597
Small_intestine_ACE_Male_71_2411.jpg,4,usable,usable,0.8588
Small_intestine_ACO2_Male_71_2411.jpg,4,usable,usable,0.7357
Small_intestine_ACSL1_Male_71_2411.jpg,4,usable,usable,0.9855
Small_intestine_ACSL5_Male_71_2411.jpg,4,usable,unusable,0.4444
Small_intestine_ACSL6_Female_90_4380.jpg,4,usable,usable,0.8947
Small_intestine_ACTA1_Female_69_133.jpg,4,usable,usable,0.8874
Small_intestine_ACTA2_Male_71_2411.jpg,4,usable,usable,0.9087
Small_intestine_ACTB_Male_71_2411.jpg,4,usable,usable,0.6805
Small_intestine_ACTN1_Male_71_2411.jpg,4,usable,usable,0.9947
Small_intestine_ADH6_Female_90_4380.jpg,4,usable,usable,0.8824
Small_intestine_ADORA2A_Female_90_4380.jpg,4,unusable,unusable,0.1417
Small_intestine_AK5_Female_90_4380.jpg,4,usable,usable,0.8882
Small_intestine_ALDH1B1_Female_90_4380.jpg,4,usable,usable,0.7535
Small_intestine_ARHGAP8_Female_90_4380.jpg,4,unusable,usable,0.8128
Small_intestine_B4GALT7_Female_90_4380.jpg,4,usable,usable,0.9809
Small_intestine_CAB39L_Female_90_4380.jpg,4,unusable,usable,0.9265
Small_intestine_CBR1_Female_90_4380.jpg,4,unusable,usable,0.9473
Small_intestine_CD44_Female_69_133.jpg,4,usable,usable,0.9828
Small_intestine_CDCA5_Female_90_4380.jpg,4,usable,usable,0.9677
Small_intestine_CDS1_Female_90_4380.jpg,4,unusable,usable,0.8742
Small_intestine_CHGA_Female_69_133.jpg,4,usable,usable,0.959
Small_intestine_CKAP4_Female_69_133.jpg,4,usable,usable,0.8923
Small_intestine_DKC1_Female_69_133.jpg,4,usable,usable,0.953
Small_intestine_ENSG00000285304_Female_69_133.jpg,4,unusable,unusable,0.4123
Small_intestine_KDM6A_Female_69_133.jpg,4,unusable,unusable,0.4524
Small_intestine_KRT18_Female_69_133.jpg,4,usable,usable,0.9303
Small_intestine_KRT19_Female_69_133.jpg,4,usable,usable,0.9519
Small_intestine_KRT20_Female_69_133.jpg,4,usable,usable,0.9455
Small_intestine_LYZ_Female_69_133.jpg,4,usable,usable,0.873
Small_intestine_MAX_Female_69_133.jpg,4,usable,usable,0.7881
Duodenum_AACS_Male_59_1961.jpg,5,usable,usable,0.9954
Duodenum_ABCG4_Male_59_1961.jpg,5,usable,usable,0.9994
Duodenum_ABI3_Male_59_1961.jpg,5,usable,usable,0.9995
Duodenum_ACAT1_Male_66_2329.jpg,5,usable,usable,0.986
Duodenum_ACBD5_Male_66_2329.jpg,5,usable,usable,0.9312
Duodenum_ACSM2B_Male_59_1961.jpg,5,usable,usable,0.9988
Duodenum_ADH6_Male_59_1961.jpg,5,unusable,unusable,0.006
Duodenum_ADORA2A_Male_59_1961.jpg,5,usable,usable,0.9972
Duodenum_AIP_Male_59_1961.jpg,5,usable,usable,0.9997
Duodenum_AKAP8_Male_59_1961.jpg,5,unusable,unusable,0.0197
Duodenum_AKR1B10_Male_59_1961.jpg,5,usable,usable,0.9956
Duodenum_ALKBH5_Male_66_2329.jpg,5,unusable,usable,1
Duodenum_ANLN_Male_59_1961.jpg,5,usable,unusable,0.2201
Duodenum_ANPEP_Male_66_2329.jpg,5,usable,usable,0.9996
Duodenum_ANXA13_Male_59_1961.jpg,5,usable,usable,0.9365
Duodenum_APC_Male_59_1961.jpg,5,usable,usable,0.9999
Duodenum_APTX_Male_59_1961.jpg,5,usable,usable,0.9999
Duodenum_AQP10_Male_59_1961.jpg,5,usable,usable,0.9991
Duodenum_AQP3_Male_59_1961.jpg,5,usable,usable,0.9998
Duodenum_ARAF_Male_59_1961.jpg,5,usable,usable,1
Duodenum_ARHGAP8_Male_59_1961.jpg,5,unusable,unusable,0.14
Duodenum_ARIH1_Male_66_2329.jpg,5,usable,usable,0.9961
Duodenum_ATAD3A_Male_59_1961.jpg,5,unusable,unusable,0.0516
Duodenum_ATAD3B_Male_59_1961.jpg,5,unusable,unusable,0.0516
Duodenum_ATM_Male_66_2329.jpg,5,unusable,usable,0.9221
Duodenum_ATXN7L3_Male_59_1961.jpg,5,unusable,unusable,0.0083
Duodenum_BAK1_Male_66_2329.jpg,5,usable,usable,0.9951
Duodenum_BBS12_Male_59_1961.jpg,5,usable,usable,0.995
Duodenum_BCO2_Male_59_1961.jpg,5,usable,usable,0.9999
Duodenum_BIRC3_Male_66_2329.jpg,5,unusable,unusable,0.0602
Duodenum_BLM_Male_66_2329.jpg,5,unusable,usable,0.7982
Duodenum_BTBD1_Male_59_1961.jpg,5,usable,unusable,0.0879
Duodenum_CAB39L_Male_66_2329.jpg,5,usable,usable,0.9965
Duodenum_CALR_Male_66_2329.jpg,5,unusable,usable,0.6509
Duodenum_CARD6_Male_59_1961.jpg,5,usable,usable,0.9775
Duodenum_CASP6_Male_66_2329.jpg,5,usable,usable,0.9998
Duodenum_CBFA2T3_Male_59_1961.jpg,5,usable,usable,1
Duodenum_CCNA2_Male_59_1961.jpg,5,usable,usable,0.9999
Duodenum_CDC14A_Male_59_1961.jpg,5,usable,usable,0.9988
Duodenum_CDC25C_Male_66_2329.jpg,5,unusable,unusable,0.003
Duodenum_CDCA2_Male_59_1961.jpg,5,usable,usable,0.9989
Duodenum_CDK16_Male_66_2329.jpg,5,unusable,usable,0.947
Duodenum_CDK5RAP2_Male_59_1961.jpg,5,usable,usable,0.9933
Duodenum_CDK6_Male_66_2329.jpg,5,usable,usable,0.9932
Duodenum_CDKL1_Male_59_1961.jpg,5,usable,usable,0.9969
Duodenum_CDKL5_Male_66_2329.jpg,5,usable,usable,1
Duodenum_CDKN2C_Male_66_2329.jpg,5,usable,usable,0.9995
Duodenum_CES1_Male_59_1961.jpg,5,usable,usable,0.9971
Duodenum_CES2_Male_59_1961.jpg,5,unusable,unusable,0.0116
Duodenum_CHAT_Male_59_1961.jpg,5,usable,usable,0.9944
Duodenum_CHGB_Male_59_1961.jpg,5,usable,usable,0.9998
Duodenum_CHMP4A_Male_59_1961.jpg,5,unusable,usable,0.9999
Duodenum_CHUK_Male_66_2329.jpg,5,unusable,unusable,0.0333
Duodenum_CISD1_Male_59_1961.jpg,5,unusable,unusable,0.1865
Duodenum_CLDN4_Male_66_2329.jpg,5,unusable,usable,0.8344
Duodenum_CMIP_Male_59_1961.jpg,5,usable,usable,0.9942
Duodenum_CMTM3_Male_59_1961.jpg,5,usable,unusable,0.1261
Duodenum_COPS5_Male_66_2329.jpg,5,usable,usable,0.9541
Duodenum_COX4I1_Male_66_2329.jpg,5,usable,usable,0.9964
Duodenum_CREB1_Male_66_2329.jpg,5,usable,usable,0.931
Duodenum_CRKL_Male_66_2329.jpg,5,unusable,unusable,0.3679
Duodenum_CTCF_Male_66_2329.jpg,5,usable,usable,0.9884
Duodenum_CTNNB1_Male_66_2329.jpg,5,unusable,unusable,0.0548
Duodenum_CTNNBIP1_Male_59_1961.jpg,5,usable,usable,1
Duodenum_CYB5B_Male_59_1961.jpg,5,usable,unusable,0.1164
Duodenum_CYP2S1_Male_59_1961.jpg,5,usable,usable,0.9988
Duodenum_DNAJC25_Male_59_1961.jpg,5,usable,usable,0.9999
Duodenum_DPEP1_Male_59_1961.jpg,5,unusable,unusable,0.0009
Duodenum_EAF1_Male_59_1961.jpg,5,unusable,unusable,0.0077
Duodenum_ECD_Male_66_2329.jpg,5,usable,usable,0.9711
Duodenum_EIF2AK2_Male_66_2329.jpg,5,usable,usable,0.9998
Duodenum_EIF2B2_Male_66_2329.jpg,5,usable,usable,1
Duodenum_EIF4EBP1_Male_66_2329.jpg,5,unusable,usable,0.9998
Duodenum_ELF2_Male_66_2329.jpg,5,usable,usable,0.982
Duodenum_ENPEP_Male_66_2329.jpg,5,usable,usable,0.9733
Duodenum_ENTPD6_Male_59_1961.jpg,5,usable,usable,0.999
Duodenum_EPCAM_Male_66_2329.jpg,5,usable,usable,1
Duodenum_EPS8_Male_66_2329.jpg,5,usable,usable,0.9814
Duodenum_ERH_Male_66_2329.jpg,5,usable,usable,0.9778
Duodenum_EXOC3L2_Male_59_1961.jpg,5,usable,usable,0.9999
Duodenum_EXOC5_Male_59_1961.jpg,5,usable,usable,0.9993
Duodenum_FAM234A_Male_59_1961.jpg,5,unusable,unusable,0.1152
Duodenum_FANCE_Male_59_1961.jpg,5,usable,usable,0.9999
Duodenum_FASTKD3_Male_59_1961.jpg,5,usable,usable,0.9998
Duodenum_FBH1_Male_66_2329.jpg,5,usable,usable,0.9998
Duodenum_FBXW2_Male_59_1961.jpg,5,usable,usable,0.9703
Duodenum_FCGBP_Male_66_2329.jpg,5,usable,usable,0.6388
Duodenum_FOLH1_Male_66_2329.jpg,5,unusable,usable,0.8898
Duodenum_FOSL2_Male_66_2329.jpg,5,usable,usable,0.9948
Duodenum_FRG1_Male_59_1961.jpg,5,usable,usable,0.9995
Duodenum_FXR1_Male_59_1961.jpg,5,usable,unusable,0.1896
Duodenum_GALNT7_Male_59_1961.jpg,5,usable,usable,0.9999
Duodenum_GDPD5_Male_59_1961.jpg,5,usable,usable,0.9998
Duodenum_GEMIN4_Male_59_1961.jpg,5,usable,usable,0.9775
Duodenum_GLI2_Male_66_2329.jpg,5,usable,usable,0.9138
Duodenum_GLOD5_Male_59_1961.jpg,5,usable,usable,1
Duodenum_GNG12_Male_59_1961.jpg,5,unusable,usable,0.9986
Duodenum_GOLGA5_Male_66_2329.jpg,5,usable,usable,0.9999
Duodenum_GPX2_Male_66_2329.jpg,5,usable,usable,0.996
Duodenum_H6PD_Male_66_2329.jpg,5,usable,usable,0.5355
Duodenum_HDAC4_Male_59_1961.jpg,5,usable,usable,0.9992
Duodenum_HKDC1_Male_59_1961.jpg,5,usable,usable,0.9992
Duodenum_HNF4A_Male_66_2329.jpg,5,usable,usable,0.9997
Duodenum_HNRNPA3_Male_66_2329.jpg,5,usable,usable,0.9993
Duodenum_HNRNPC_Male_66_2329.jpg,5,usable,usable,0.9987
Duodenum_HOPX_Male_59_1961.jpg,5,usable,usable,0.8132
Duodenum_HPS1_Male_59_1961.jpg,5,usable,usable,0.9999
Duodenum_HSP90B1_Male_66_2329.jpg,5,usable,usable,0.9991
Duodenum_HSPA5_Male_66_2329.jpg,5,unusable,unusable,0.0546
Duodenum_IFIH1_Male_66_2329.jpg,5,usable,usable,0.9996
Duodenum_IL18_Male_66_2329.jpg,5,usable,usable,0.966
Duodenum_ILKAP_Male_66_2329.jpg,5,usable,usable,0.9902
Duodenum_ILVBL_Male_59_1961.jpg,5,usable,usable,0.7995
Duodenum_IMPDH2_Male_66_2329.jpg,5,unusable,unusable,0.0104
Small_intestine_AASS_Female_84_2256.jpg,5,usable,usable,0.9997
Small_intestine_ABCA5_Female_84_2256.jpg,5,usable,usable,0.9992
Small_intestine_ABCD3_Male_66_4202.jpg,5,usable,usable,0.9998
Small_intestine_ABCE1_Female_84_2256.jpg,5,unusable,usable,1
Small_intestine_ABCF1_Female_84_2256.jpg,5,usable,usable,1
Small_intestine_ABCG8_Female_84_2256.jpg,5,usable,usable,0.9999
Small_intestine_ABHD8_Female_84_2256.jpg,5,usable,usable,1
Small_intestine_ACAD8_Male_68_2471.jpg,5,unusable,usable,0.999
Small_intestine_ACAD9_Male_68_2471.jpg,5,usable,usable,0.9961
Small_intestine_ACADM_Female_84_2256.jpg,5,usable,usable,1
Small_intestine_ACADSB_Female_84_2256.jpg,5,unusable,usable,1
Small_intestine_ACADS_Female_84_2256.jpg,5,usable,usable,0.9935
Small_intestine_ACADVL_Female_84_2256.jpg,5,usable,usable,0.9999
Small_intestine_ACAP3_Male_68_2471.jpg,5,usable,usable,0.9978
Small_intestine_ACBD3_Female_84_2256.jpg,5,usable,usable,0.998
Small_intestine_ACBD4_Male_68_2471.jpg,5,usable,usable,0.9995
Small_intestine_ACE2_Male_66_4202.jpg,5,usable,usable,0.9996
Small_intestine_ACO1_Female_84_2256.jpg,5,usable,usable,0.9999
Small_intestine_ACSL1_Male_66_4202.jpg,5,usable,usable,1
Small_intestine_ACSL6_Male_66_4202.jpg,5,usable,usable,0.9876
Small_intestine_ACTA1_Male_68_2471.jpg,5,usable,usable,0.6239
Small_intestine_ACTA2_Female_51_202.jpg,5,unusable,usable,0.9981
Small_intestine_ACTA2_Male_68_2471.jpg,5,usable,usable,0.6239
Small_intestine_ACTBL2_Male_68_2471.jpg,5,usable,usable,0.6239
Small_intestine_ACTB_Male_68_2471.jpg,5,usable,usable,0.6239
Small_intestine_ACTC1_Male_68_2471.jpg,5,usable,usable,0.6239
Small_intestine_ACTG1_Male_68_2471.jpg,5,usable,usable,0.6239
Small_intestine_ACTG2_Male_68_2471.jpg,5,usable,usable,0.6239
Small_intestine_ADH6_Male_66_4202.jpg,5,usable,usable,0.9945
Small_intestine_ADM_Male_66_4202.jpg,5,usable,usable,0.9989
Small_intestine_ADNP_Male_41_2226.jpg,5,usable,usable,0.9469
Small_intestine_ADORA2A_Male_66_4202.jpg,5,usable,usable,0.9997
Small_intestine_ADPGK_Male_68_2471.jpg,5,usable,usable,0.9988
Small_intestine_ADSL_Female_51_202.jpg,5,usable,usable,0.9986
Small_intestine_AGTPBP1_Male_66_4202.jpg,5,usable,usable,0.9996
Small_intestine_AK5_Male_66_4202.jpg,5,usable,usable,0.9998
Small_intestine_AK7_Male_41_2226.jpg,5,unusable,unusable,0.0176
Small_intestine_AKR1C1_Male_66_4202.jpg,5,usable,usable,1
Small_intestine_AKR1C3_Male_66_4202.jpg,5,usable,usable,1
Small_intestine_ALDH1B1_Male_66_4202.jpg,5,usable,usable,0.9819
Small_intestine_ALDOB_Female_51_202.jpg,5,usable,usable,0.9908
Small_intestine_AMN_Female_51_202.jpg,5,usable,usable,0.9911
Small_intestine_AQP1_Female_51_202.jpg,5,usable,usable,0.9992
Small_intestine_ARG2_Female_51_202.jpg,5,usable,usable,0.9992
Small_intestine_BCL2L2-PABPN1_Female_51_202.jpg,5,usable,usable,0.7981
Small_intestine_CALR_Female_51_202.jpg,5,usable,usable,0.9952
Small_intestine_CASK_Female_51_202.jpg,5,usable,usable,0.9998
Small_intestine_CCNB1_Female_51_202.jpg,5,unusable,unusable,0.0007
Small_intestine_CCNG1_Female_51_202.jpg,5,usable,unusable,0.0005
Small_intestine_CHCHD10_Male_41_2226.jpg,5,unusable,usable,0.9764
Small_intestine_CKAP4_Female_51_202.jpg,5,usable,usable,0.9998
Small_intestine_EPCAM_Male_41_2226.jpg,5,usable,usable,1
Small_intestine_GPANK1_Male_41_2226.jpg,5,usable,usable,0.9588
Small_intestine_ISY1-RAB43_Male_41_2226.jpg,5,unusable,usable,0.8905
Small_intestine_ISY1_Male_41_2226.jpg,5,unusable,usable,0.8905
