image_id,label,reviewer,event_ts
Duodenum_A1CF_Female_67_3479.jpg,usable,expert,2026-07-23T13:29:39.633668
Duodenum_AAAS_Male_35_3219.jpg,usable,expert,2026-07-23T13:29:45.737383
Duodenum_AACS_Male_59_1961.jpg,usable,expert,2026-07-23T13:29:48.521626
Duodenum_AAGAB_Female_62_3515.jpg,usable,expert,2026-07-23T13:29:50.281994
Duodenum_AASS_Male_50_1904.jpg,usable,expert,2026-07-23T13:30:02.441363
Duodenum_AATF_Male_50_1904.jpg,usable,expert,2026-07-23T13:30:05.042079
Duodenum_ABCA4_Female_61_3614.jpg,usable,expert,2026-07-23T13:30:08.906108
Duodenum_ABCA9_Male_55_1920.jpg,usable,expert,2026-07-23T12:51:51.678848
Duodenum_ABCG2_Female_67_3479.jpg,usable,expert,2026-07-23T12:51:54.214380
Duodenum_ABCG4_Male_59_1961.jpg,usable,expert,2026-07-23T12:51:55.782707
Duodenum_ABCG8_Female_60_3548.jpg,unusable,expert,2026-07-23T12:52:05.622740
Duodenum_ABHD17C_Female_62_3515.jpg,usable,expert,2026-07-23T12:52:10.319112
Duodenum_ABHD2_Male_50_1904.jpg,usable,expert,2026-07-23T12:52:11.711320
Duodenum_ABHD8_Male_50_1904.jpg,usable,expert,2026-07-23T12:52:13.334476
Duodenum_ABHD8_Male_54_2562.jpg,usable,expert,2026-07-23T12:52:15.646930
Duodenum_ABI3_Female_61_3614.jpg,unusable,expert,2026-07-23T12:52:19.591773
Duodenum_ABI3_Male_59_1961.jpg,usable,expert,2026-07-23T12:52:22.134634
Duodenum_ACADS_Female_60_3548.jpg,unusable,expert,2026-07-23T12:52:25.207468
Duodenum_ACAN_Male_54_2562.jpg,unusable,expert,2026-07-23T12:52:48.622644
Duodenum_ACAT1_Male_66_2329.jpg,usable,expert,2026-07-23T12:52:50.471148
Duodenum_ACBD3_Male_54_2562.jpg,usable,expert,2026-07-23T12:52:59.063271
Duodenum_ACBD5_Male_66_2329.jpg,usable,expert,2026-07-23T12:53:03.072464
Duodenum_ACO1_Female_60_3548.jpg,unusable,expert,2026-07-23T12:53:09.207789
Duodenum_ACOT2_Female_62_3515.jpg,usable,expert,2026-07-23T12:53:12.360065
Duodenum_ACSF2_Male_50_1904.jpg,usable,expert,2026-07-23T12:53:14.031530
Duodenum_ACSL1_Female_61_3614.jpg,unusable,expert,2026-07-23T12:53:16.230972
Duodenum_ACSL6_Female_67_3479.jpg,usable,expert,2026-07-23T12:53:19.672304
Duodenum_ACSM2B_Male_59_1961.jpg,usable,expert,2026-07-23T12:53:21.502755
Duodenum_ACTBL2_Male_55_1920.jpg,usable,expert,2026-07-23T12:53:23.111684
Duodenum_ACTC1_Male_55_1920.jpg,usable,expert,2026-07-23T12:53:25.250676
Duodenum_ACTN1_Male_50_1904.jpg,usable,expert,2026-07-23T12:53:27.351472
Duodenum_ACVR2A_Male_55_1920.jpg,usable,expert,2026-07-23T12:53:30.351470
Duodenum_ADGRG1_Male_35_3219.jpg,usable,expert,2026-07-23T12:53:37.016400
Duodenum_ADGRL1_Male_50_1904.jpg,usable,expert,2026-07-23T12:53:38.223667
Duodenum_ADH6_Female_67_3479.jpg,usable,expert,2026-07-23T12:53:40.296308
Duodenum_AFG3L2_Male_50_1904.jpg,unusable,expert,2026-07-23T12:53:51.303987
Duodenum_AGPAT1_Female_67_3479.jpg,usable,expert,2026-07-23T12:53:54.192255
Duodenum_AGPAT2_Male_50_1904.jpg,usable,expert,2026-07-23T12:53:55.416209
Duodenum_AGR2_Male_54_2562.jpg,usable,expert,2026-07-23T12:53:57.112165
Duodenum_AGTPBP1_Female_67_3479.jpg,usable,expert,2026-07-23T12:53:59.208041
Duodenum_AHNAK_Female_60_3548.jpg,unusable,expert,2026-07-23T12:54:03.071500
Duodenum_AHNAK_Male_50_1904.jpg,usable,expert,2026-07-23T12:54:18.648000
Duodenum_AIP_Female_67_3479.jpg,usable,expert,2026-07-23T12:54:24.825126
Duodenum_AK4_Male_55_1920.jpg,usable,expert,2026-07-23T12:54:27.248391
Duodenum_AK5_Female_62_3515.jpg,usable,expert,2026-07-23T12:54:28.488545
Duodenum_AKAP1_Male_50_1904.jpg,usable,expert,2026-07-23T12:55:05.072519
Duodenum_AKAP8_Female_67_3479.jpg,usable,expert,2026-07-23T12:55:06.736937
Duodenum_AKR1C3_Male_54_2562.jpg,usable,expert,2026-07-23T12:55:14.945253
Duodenum_ALDH1B1_Female_60_3548.jpg,unusable,expert,2026-07-23T12:55:38.897891
Duodenum_ALDH4A1_Male_50_1904.jpg,usable,expert,2026-07-23T12:55:45.777534
Duodenum_ALDOB_Female_75_1098.jpg,usable,expert,2026-07-23T12:56:41.620361
Duodenum_ALDOB_Male_84_139.jpg,usable,expert,2026-07-23T12:56:44.105727
Duodenum_ALG12_Male_55_1920.jpg,usable,expert,2026-07-23T12:56:47.433848
Duodenum_ALG13_Male_50_1904.jpg,usable,expert,2026-07-23T12:56:48.586133
Duodenum_ALG6_Female_61_3614.jpg,unusable,expert,2026-07-23T12:56:52.633617
Duodenum_ALG8_Female_67_3479.jpg,usable,expert,2026-07-23T12:56:54.298310
Duodenum_ALKBH4_Female_67_3479.jpg,unusable,expert,2026-07-23T12:57:01.219990
Duodenum_ALKBH5_Male_66_2329.jpg,unusable,expert,2026-07-23T12:57:25.515162
Duodenum_ALPP_Male_55_1920.jpg,usable,expert,2026-07-23T12:57:28.015439
Duodenum_ANAPC16_Male_35_3219.jpg,usable,expert,2026-07-23T12:57:30.796410
Duodenum_ANKHD1_Male_50_1904.jpg,usable,expert,2026-07-23T12:57:33.050726
Duodenum_ANKRA2_Female_67_3479.jpg,usable,expert,2026-07-23T12:57:50.826593
Duodenum_ANKRD12_Male_55_1920.jpg,usable,expert,2026-07-23T12:57:52.922980
Duodenum_ANLN_Male_59_1961.jpg,usable,expert,2026-07-23T12:57:56.698291
Duodenum_ANPEP_Male_66_2329.jpg,usable,expert,2026-07-23T12:58:05.298812
Duodenum_AP5Z1_Male_55_1920.jpg,unusable,expert,2026-07-23T12:58:34.283572
Duodenum_APC_Male_59_1961.jpg,usable,expert,2026-07-23T12:58:36.419825
Duodenum_APEX1_Male_50_1904.jpg,usable,expert,2026-07-23T12:58:37.790070
Duodenum_APH1A_Male_55_1920.jpg,usable,expert,2026-07-23T12:58:39.147225
Duodenum_API5_Male_50_1904.jpg,usable,expert,2026-07-23T12:58:41.619809
Duodenum_APIP_Male_55_1920.jpg,usable,expert,2026-07-23T12:58:43.283134
Duodenum_APOO_Male_54_2562.jpg,usable,expert,2026-07-23T13:00:15.774374
Duodenum_APPBP2_Female_62_3515.jpg,usable,expert,2026-07-23T13:00:17.596492
Duodenum_APTX_Male_59_1961.jpg,usable,expert,2026-07-23T13:00:19.662083
Duodenum_AQP10_Male_59_1961.jpg,usable,expert,2026-07-23T13:00:23.060063
Duodenum_ARAF_Male_59_1961.jpg,usable,expert,2026-07-23T13:00:25.532607
Duodenum_ARFGEF1_Male_50_1904.jpg,usable,expert,2026-07-23T13:00:30.356610
Duodenum_ARFRP1_Male_55_1920.jpg,unusable,expert,2026-07-23T13:01:19.909459
Duodenum_ARG2_Female_48_75.jpg,unusable,expert,2026-07-23T13:01:41.871321
Duodenum_ARGLU1_Female_60_3548.jpg,unusable,expert,2026-07-23T13:01:46.437861
Duodenum_ARHGAP12_Male_54_2562.jpg,usable,expert,2026-07-23T13:01:48.182801
Duodenum_ARHGEF11_Male_50_1904.jpg,usable,expert,2026-07-23T13:01:49.189820
Duodenum_ARHGEF16_Male_54_2562.jpg,usable,expert,2026-07-23T13:01:50.149711
Duodenum_ARL15_Female_67_3479.jpg,usable,expert,2026-07-23T13:01:51.399766
Duodenum_ARL16_Female_62_3515.jpg,usable,expert,2026-07-23T13:01:52.501386
Duodenum_ARL17A_Male_55_1920.jpg,usable,expert,2026-07-23T13:01:56.494148
Duodenum_ARL17B_Male_55_1920.jpg,usable,expert,2026-07-23T13:01:59.694362
Duodenum_ARL6IP1_Female_62_3515.jpg,usable,expert,2026-07-23T13:02:01.815579
Duodenum_ARL6IP4_Female_67_3479.jpg,usable,expert,2026-07-23T13:02:03.998263
Duodenum_ARPC2_Female_64_2338.jpg,usable,expert,2026-07-23T13:02:08.430130
Duodenum_ARPIN-AP3S2_Male_55_1920.jpg,usable,expert,2026-07-23T13:02:11.288193
Duodenum_ASB6_Male_50_1904.jpg,usable,expert,2026-07-23T13:02:13.286569
Duodenum_ASCC2_Female_64_2338.jpg,usable,expert,2026-07-23T13:02:19.806187
Duodenum_ATF6B_Male_55_1920.jpg,usable,expert,2026-07-23T13:03:01.583405
Duodenum_ATG12_Male_54_2562.jpg,usable,expert,2026-07-23T13:03:03.150526
Duodenum_ATIC_Male_50_1904.jpg,usable,expert,2026-07-23T13:03:04.494936
Duodenum_ATM_Male_66_2329.jpg,unusable,expert,2026-07-23T13:03:08.174267
Duodenum_ATP2A3_Male_50_1904.jpg,usable,expert,2026-07-23T13:03:10.294462
Duodenum_ATP2B1_Female_53_3413.jpg,usable,expert,2026-07-23T13:03:14.175262
Duodenum_ATP5IF1_Male_54_2562.jpg,usable,expert,2026-07-23T13:03:21.230943
Duodenum_ATP5MC2_Female_67_3479.jpg,usable,expert,2026-07-23T13:03:22.999129
Duodenum_ATP5PD_Female_62_3515.jpg,usable,expert,2026-07-23T13:03:24.351052
Duodenum_ATP7A_Male_54_2562.jpg,usable,expert,2026-07-23T13:03:25.870634
Duodenum_ATP8B4_Male_35_3219.jpg,usable,expert,2026-07-23T13:03:30.824083
Duodenum_ATXN1_Male_54_2562.jpg,usable,expert,2026-07-23T13:03:32.674133
Duodenum_AXIN2_Male_54_2562.jpg,usable,expert,2026-07-23T13:03:33.759682
Duodenum_B4GALT6_Male_54_2562.jpg,usable,expert,2026-07-23T13:03:49.175993
Duodenum_B9D1_Male_50_1904.jpg,usable,expert,2026-07-23T13:03:50.192053
Duodenum_BAK1_Male_66_2329.jpg,usable,expert,2026-07-23T13:03:51.310622
Duodenum_BBS4_Female_62_3515.jpg,usable,expert,2026-07-23T13:03:52.390897
Duodenum_BBS4_Male_35_3219.jpg,usable,expert,2026-07-23T13:04:06.143790
Duodenum_BCAS1_Male_55_1920.jpg,usable,expert,2026-07-23T13:04:10.055606
Duodenum_BCL2L15_Male_55_1920.jpg,usable,expert,2026-07-23T13:04:13.873813
Duodenum_BCL2L2-PABPN1_Male_73_64.jpg,usable,expert,2026-07-23T13:04:16.463552
Duodenum_BCL2L2_Male_35_3219.jpg,usable,expert,2026-07-23T13:04:18.671636
Duodenum_BCO2_Male_59_1961.jpg,usable,expert,2026-07-23T13:04:20.152216
Duodenum_BCS1L_Male_35_3219.jpg,usable,expert,2026-07-23T13:04:21.783839
Duodenum_BDH1_Male_35_3219.jpg,usable,expert,2026-07-23T13:04:23.495390
Duodenum_BICDL2_Female_67_3479.jpg,unusable,expert,2026-07-23T13:04:28.359830
Duodenum_BIRC3_Female_64_2338.jpg,usable,expert,2026-07-23T13:04:30.449046
Duodenum_BIRC3_Male_66_2329.jpg,unusable,expert,2026-07-23T13:04:42.304027
Duodenum_BIVM-ERCC5_Male_55_1920.jpg,usable,expert,2026-07-23T13:04:44.168101
Duodenum_BLOC1S6_Male_35_3219.jpg,usable,expert,2026-07-23T13:04:47.152134
Duodenum_BLTP3B_Female_67_3479.jpg,usable,expert,2026-07-23T13:04:49.551883
Duodenum_BMP1_Male_54_2562.jpg,usable,expert,2026-07-23T13:04:56.096211
Duodenum_BPNT2_Male_54_2562.jpg,usable,expert,2026-07-23T13:04:57.528332
Duodenum_BTN3A1_Female_60_3548.jpg,unusable,expert,2026-07-23T13:05:01.538029
Duodenum_BUD13_Female_62_3515.jpg,usable,expert,2026-07-23T13:05:03.175144
Duodenum_C11orf96_Male_55_1920.jpg,usable,expert,2026-07-23T13:05:04.423807
Duodenum_C17orf67_Male_35_3219.jpg,usable,expert,2026-07-23T13:05:11.528157
Duodenum_C19orf47_Male_35_3219.jpg,usable,expert,2026-07-23T13:05:12.714126
Duodenum_C1orf226_Female_67_3479.jpg,usable,expert,2026-07-23T13:05:13.728186
Duodenum_C1orf35_Female_62_3515.jpg,usable,expert,2026-07-23T13:05:15.576506
Duodenum_C20orf96_Male_55_1920.jpg,usable,expert,2026-07-23T13:05:18.184942
Duodenum_C2CD3_Female_62_3515.jpg,unusable,expert,2026-07-23T13:06:41.498263
Duodenum_C2orf68_Female_67_3479.jpg,usable,expert,2026-07-23T13:06:43.545797
Duodenum_C9orf64_Female_67_3479.jpg,usable,expert,2026-07-23T13:06:44.424622
Duodenum_C9orf72_Male_54_2562.jpg,usable,expert,2026-07-23T13:06:45.578029
Duodenum_CAB39L_Male_66_2329.jpg,usable,expert,2026-07-23T13:06:47.721615
Duodenum_CALHM2_Male_54_2562.jpg,usable,expert,2026-07-23T13:06:49.043274
Duodenum_CALML4_Male_55_1920.jpg,usable,expert,2026-07-23T13:06:50.146093
Duodenum_CARD19_Male_55_1920.jpg,usable,expert,2026-07-23T13:06:51.161684
Duodenum_CARD6_Male_59_1961.jpg,usable,expert,2026-07-23T13:06:52.825281
Duodenum_CASK_Male_84_139.jpg,usable,expert,2026-07-23T13:06:54.529051
Duodenum_CASP1_Male_50_1904.jpg,usable,expert,2026-07-23T13:07:20.857992
Duodenum_CASP4_Male_35_3219.jpg,usable,expert,2026-07-23T13:07:24.386102
Duodenum_CASP6_Male_66_2329.jpg,usable,expert,2026-07-23T13:07:25.505987
Duodenum_CASTOR2_Female_67_3479.jpg,usable,expert,2026-07-23T13:07:27.170445
Duodenum_CBFA2T3_Female_67_3479.jpg,unusable,expert,2026-07-23T13:07:32.938230
Duodenum_CBLB_Female_60_3548.jpg,unusable,expert,2026-07-23T13:07:34.922511
Duodenum_CBR3_Female_60_3548.jpg,unusable,expert,2026-07-23T13:07:36.490201
Duodenum_CCDC102B_Male_35_3219.jpg,unusable,expert,2026-07-23T13:07:43.026182
Duodenum_CCDC125_Male_35_3219.jpg,usable,expert,2026-07-23T13:07:44.970217
Duodenum_CCDC12_Male_55_1920.jpg,usable,expert,2026-07-23T13:07:45.786058
Duodenum_CCDC159_Female_67_3479.jpg,usable,expert,2026-07-23T13:07:46.570008
Duodenum_CCDC186_Male_54_2562.jpg,usable,expert,2026-07-23T13:07:47.734710
Duodenum_CCDC66_Female_61_3614.jpg,unusable,expert,2026-07-23T13:07:50.129839
Duodenum_CCDC68_Female_60_3548.jpg,unusable,expert,2026-07-23T13:07:52.385763
Duodenum_CCDC68_Male_54_2562.jpg,usable,expert,2026-07-23T13:07:56.618479
Duodenum_CCDC8_Male_55_1920.jpg,usable,expert,2026-07-23T13:07:57.642679
Duodenum_CCNDBP1_Male_50_1904.jpg,usable,expert,2026-07-23T13:07:58.897662
Duodenum_CCNDBP1_Male_54_2562.jpg,usable,expert,2026-07-23T13:08:01.138396
Duodenum_CCNL2_Male_55_1920.jpg,unusable,expert,2026-07-23T13:08:37.090174
Duodenum_CCNT2_Female_53_3413.jpg,usable,expert,2026-07-23T13:08:40.619455
Duodenum_CCS_Male_50_1904.jpg,usable,expert,2026-07-23T13:08:42.762776
Duodenum_CCZ1_Male_55_1920.jpg,unusable,expert,2026-07-23T13:08:53.186471
Duodenum_CD248_Female_67_3479.jpg,usable,expert,2026-07-23T13:08:55.338995
Duodenum_CD9_Female_64_2338.jpg,usable,expert,2026-07-23T13:08:57.466379
Duodenum_CDC14A_Male_59_1961.jpg,usable,expert,2026-07-23T13:08:58.667736
Duodenum_CDC16_Male_50_1904.jpg,usable,expert,2026-07-23T13:08:59.658286
Duodenum_CDC25C_Male_66_2329.jpg,unusable,expert,2026-07-23T13:09:09.675382
Duodenum_CDC42EP3_Male_35_3219.jpg,usable,expert,2026-07-23T13:09:11.539541
Duodenum_CDC42EP4_Male_50_1904.jpg,usable,expert,2026-07-23T13:09:12.682906
Duodenum_CDCA2_Male_59_1961.jpg,usable,expert,2026-07-23T13:09:13.626381
Duodenum_CDHR5_Male_50_1904.jpg,usable,expert,2026-07-23T13:09:14.723322
Duodenum_CDK12_Male_54_2562.jpg,usable,expert,2026-07-23T13:09:15.803612
Duodenum_CDK13_Male_55_1920.jpg,usable,expert,2026-07-23T13:09:16.738685
Duodenum_CDK16_Male_50_1904.jpg,usable,expert,2026-07-23T13:09:20.171501
Duodenum_CDK5RAP2_Male_59_1961.jpg,usable,expert,2026-07-23T13:09:22.690961
Duodenum_CDK5RAP3_Male_50_1904.jpg,usable,expert,2026-07-23T13:09:23.843316
Duodenum_CDKL1_Female_67_3479.jpg,usable,expert,2026-07-23T13:09:24.844586
Duodenum_CDKL1_Male_59_1961.jpg,usable,expert,2026-07-23T13:09:37.948198
Duodenum_CDKL5_Male_66_2329.jpg,usable,expert,2026-07-23T13:09:40.070333
Duodenum_CDKN2C_Male_66_2329.jpg,usable,expert,2026-07-23T13:09:41.019869
Duodenum_CDO1_Female_62_3515.jpg,usable,expert,2026-07-23T13:09:42.475439
Duodenum_CDR2_Male_50_1904.jpg,usable,expert,2026-07-23T13:09:43.531533
Duodenum_CDS1_Male_35_3219.jpg,usable,expert,2026-07-23T13:09:47.796164
Duodenum_CFL1_Male_55_1920.jpg,usable,expert,2026-07-23T13:09:51.195577
Duodenum_CFLAR_Female_60_3548.jpg,unusable,expert,2026-07-23T13:09:55.179952
Duodenum_CGGBP1_Male_55_1920.jpg,unusable,expert,2026-07-23T13:10:04.091843
Duodenum_CHADL_Male_54_2562.jpg,usable,expert,2026-07-23T13:10:06.231619
Duodenum_CHAF1A_Male_54_2562.jpg,usable,expert,2026-07-23T13:10:13.428160
Duodenum_CHAT_Male_59_1961.jpg,usable,expert,2026-07-23T13:10:14.468775
Duodenum_CHCHD1_Male_35_3219.jpg,usable,expert,2026-07-23T13:10:16.140145
Duodenum_CHCHD1_Male_55_1920.jpg,usable,expert,2026-07-23T13:10:19.699740
Duodenum_CHCHD2_Female_62_3515.jpg,usable,expert,2026-07-23T13:10:20.931895
Duodenum_CHCHD2_Male_35_3219.jpg,unusable,expert,2026-07-23T13:11:01.037015
Duodenum_CHCHD3_Female_67_3479.jpg,usable,expert,2026-07-23T13:11:04.292955
Duodenum_CHD4_Male_54_2562.jpg,usable,expert,2026-07-23T13:11:05.988649
Duodenum_CHGA_Female_43_148.jpg,usable,expert,2026-07-23T13:11:07.508852
Duodenum_CHGB_Male_59_1961.jpg,usable,expert,2026-07-23T13:11:08.700896
Duodenum_CHMP4A_Female_67_3479.jpg,usable,expert,2026-07-23T13:11:11.132271
Duodenum_CHRDL2_Male_50_1904.jpg,usable,expert,2026-07-23T13:11:12.084200
Duodenum_CHTOP_Male_35_3219.jpg,unusable,expert,2026-07-23T13:11:22.365140
Duodenum_CIR1_Female_67_3479.jpg,usable,expert,2026-07-23T13:11:24.550310
Duodenum_CISD3_Male_55_1920.jpg,unusable,expert,2026-07-23T13:11:41.564531
Duodenum_CISH_Male_35_3219.jpg,usable,expert,2026-07-23T13:11:46.557459
Duodenum_CISH_Male_55_1920.jpg,usable,expert,2026-07-23T13:11:47.820855
Duodenum_CITED2_Male_50_1904.jpg,unusable,expert,2026-07-23T13:12:26.710103
Duodenum_CKAP2L_Male_35_3219.jpg,usable,expert,2026-07-23T13:12:37.965659
Duodenum_CLASP1_Female_67_3479.jpg,usable,expert,2026-07-23T13:12:39.293144
Duodenum_CLDN4_Male_50_1904.jpg,usable,expert,2026-07-23T13:12:43.917736
Duodenum_CLDN4_Male_66_2329.jpg,unusable,expert,2026-07-23T13:12:47.390529
Duodenum_CLPP_Male_50_1904.jpg,usable,expert,2026-07-23T13:12:49.373705
Duodenum_CMAS_Male_55_1920.jpg,usable,expert,2026-07-23T13:12:50.157720
Duodenum_CMIP_Male_59_1961.jpg,usable,expert,2026-07-23T13:12:52.469447
Duodenum_CNNM3_Male_54_2562.jpg,usable,expert,2026-07-23T13:12:53.261298
Duodenum_CNOT4_Male_50_1904.jpg,usable,expert,2026-07-23T13:12:55.133944
Duodenum_CNST_Male_50_1904.jpg,usable,expert,2026-07-23T13:13:12.158074
Duodenum_CNTROB_Male_50_1904.jpg,usable,expert,2026-07-23T13:13:16.365817
Duodenum_COG6_Male_55_1920.jpg,usable,expert,2026-07-23T13:13:22.685836
Duodenum_COMMD9_Male_50_1904.jpg,usable,expert,2026-07-23T13:13:24.982780
Duodenum_COPG1_Male_35_3219.jpg,usable,expert,2026-07-23T13:13:28.254419
Duodenum_COPG2_Male_55_1920.jpg,unusable,expert,2026-07-23T13:13:32.670166
Duodenum_COQ6_Female_67_3479.jpg,unusable,expert,2026-07-23T13:13:35.478010
Duodenum_CORO1C_Male_35_3219.jpg,usable,expert,2026-07-23T13:13:37.535544
Duodenum_CORO2A_Male_35_3219.jpg,usable,expert,2026-07-23T13:13:38.661846
Duodenum_CORO7_Male_35_3219.jpg,usable,expert,2026-07-23T13:13:45.953622
Duodenum_COX17_Female_67_3479.jpg,usable,expert,2026-07-23T13:13:49.758173
Duodenum_COX4I1_Male_66_2329.jpg,usable,expert,2026-07-23T13:13:51.455572
Duodenum_CPSF6_Male_54_2562.jpg,usable,expert,2026-07-23T13:14:05.478552
Duodenum_CPSF7_Male_35_3219.jpg,usable,expert,2026-07-23T13:14:07.254210
Duodenum_CREBL2_Male_35_3219.jpg,usable,expert,2026-07-23T13:14:10.358090
Duodenum_CRK_Male_54_2562.jpg,usable,expert,2026-07-23T13:14:12.486777
Duodenum_CRTAP_Male_35_3219.jpg,usable,expert,2026-07-23T13:14:13.614477
Duodenum_CRY2_Male_35_3219.jpg,usable,expert,2026-07-23T13:14:17.598693
Duodenum_CRYZL1_Female_60_3548.jpg,unusable,expert,2026-07-23T13:14:29.647206
Duodenum_CSTF3_Male_35_3219.jpg,usable,expert,2026-07-23T13:14:31.823001
Duodenum_CTCF_Male_50_1904.jpg,unusable,expert,2026-07-23T13:14:39.327823
Duodenum_CTNNA1_Male_54_2562.jpg,usable,expert,2026-07-23T13:14:44.647361
Duodenum_CTNNBIP1_Male_59_1961.jpg,usable,expert,2026-07-23T13:14:45.566936
Duodenum_CTSS_Female_75_1098.jpg,usable,expert,2026-07-23T13:14:46.751818
Duodenum_CTTNBP2NL_Male_50_1904.jpg,usable,expert,2026-07-23T13:14:48.079236
Duodenum_CWC25_Male_54_2562.jpg,usable,expert,2026-07-23T13:14:49.718616
Duodenum_CYCS_Male_50_1904.jpg,usable,expert,2026-07-23T13:15:23.624350
Duodenum_CYP20A1_Male_55_1920.jpg,usable,expert,2026-07-23T13:15:24.670938
Duodenum_CYP2S1_Male_59_1961.jpg,usable,expert,2026-07-23T13:15:25.687130
Duodenum_CYP4F2_Male_50_1904.jpg,usable,expert,2026-07-23T13:15:26.631070
Duodenum_CYP4F3_Female_67_3479.jpg,usable,expert,2026-07-23T13:15:28.479564
Duodenum_CYP7B1_Male_50_1904.jpg,usable,expert,2026-07-23T13:15:31.252989
Duodenum_DAD1_Male_55_1920.jpg,unusable,expert,2026-07-23T13:15:35.002044
Duodenum_DARS2_Male_50_1904.jpg,usable,expert,2026-07-23T13:15:37.943303
Duodenum_DCHS1_Male_55_1920.jpg,usable,expert,2026-07-23T13:15:39.776078
Duodenum_DCLK1_Male_54_2562.jpg,usable,expert,2026-07-23T13:15:59.528179
Duodenum_DCP1B_Male_55_1920.jpg,usable,expert,2026-07-23T13:16:00.800950
Duodenum_DCTN6_Male_50_1904.jpg,usable,expert,2026-07-23T13:16:02.304301
Duodenum_DCTN6_Male_54_2562.jpg,usable,expert,2026-07-23T13:16:05.319237
Duodenum_DDX27_Male_55_1920.jpg,usable,expert,2026-07-23T13:16:06.464036
Duodenum_DDX28_Female_67_3479.jpg,usable,expert,2026-07-23T13:16:07.655882
Duodenum_DDX41_Male_50_1904.jpg,usable,expert,2026-07-23T13:16:08.664282
Duodenum_DEFA5_Female_67_3479.jpg,usable,expert,2026-07-23T13:16:09.623359
Duodenum_DEFA6_Female_67_3479.jpg,usable,expert,2026-07-23T13:16:11.632128
Duodenum_DERL1_Male_54_2562.jpg,usable,expert,2026-07-23T13:16:13.111793
Duodenum_DERL3_Male_55_1920.jpg,usable,expert,2026-07-23T13:16:14.327618
Duodenum_DEXI_Male_55_1920.jpg,usable,expert,2026-07-23T13:16:16.707523
Duodenum_DFFA_Male_50_1904.jpg,unusable,expert,2026-07-23T13:16:34.032504
Duodenum_DHDDS_Female_60_3548.jpg,unusable,expert,2026-07-23T13:16:44.953161
Duodenum_DHDH_Female_67_3479.jpg,usable,expert,2026-07-23T13:16:46.761152
Duodenum_DHRS1_Male_73_64.jpg,usable,expert,2026-07-23T13:16:55.664204
Duodenum_DIPK1A_Male_50_1904.jpg,usable,expert,2026-07-23T13:16:57.232369
Duodenum_DMXL1_Male_54_2562.jpg,unusable,expert,2026-07-23T13:17:01.209023
Duodenum_DNAJA1_Female_64_2338.jpg,usable,expert,2026-07-23T13:17:11.024594
Duodenum_DNAJC21_Male_55_1920.jpg,usable,expert,2026-07-23T13:17:14.232904
Duodenum_DNAJC25_Male_59_1961.jpg,usable,expert,2026-07-23T13:17:16.200629
Duodenum_DNAJC27_Male_50_1904.jpg,usable,expert,2026-07-23T13:17:21.905878
Duodenum_DNAJC28_Female_60_3548.jpg,unusable,expert,2026-07-23T13:17:32.560686
Duodenum_DNAJC3_Male_55_1920.jpg,usable,expert,2026-07-23T13:17:34.376707
Duodenum_DNAJC9_Female_62_3515.jpg,usable,expert,2026-07-23T13:17:35.752897
Duodenum_DNMT3A_Male_50_1904.jpg,usable,expert,2026-07-23T13:17:37.049500
Duodenum_DNPH1_Male_54_2562.jpg,usable,expert,2026-07-23T13:17:37.808211
Duodenum_DPEP2_Male_35_3219.jpg,usable,expert,2026-07-23T13:17:39.081608
Duodenum_DPF2_Male_50_1904.jpg,usable,expert,2026-07-23T13:17:40.648927
Duodenum_DSTYK_Female_67_3479.jpg,usable,expert,2026-07-23T13:17:41.993980
Duodenum_DTNB_Female_67_3479.jpg,usable,expert,2026-07-23T13:17:43.113854
Duodenum_DTWD1_Female_67_3479.jpg,usable,expert,2026-07-23T13:17:44.480679
Duodenum_DYNLRB1_Male_54_2562.jpg,usable,expert,2026-07-23T13:17:45.448381
Duodenum_DYRK1A_Male_50_1904.jpg,usable,expert,2026-07-23T13:17:46.231972
Duodenum_EBAG9_Female_60_3548.jpg,unusable,expert,2026-07-23T13:17:48.928594
Duodenum_EBAG9_Male_50_1904.jpg,usable,expert,2026-07-23T13:17:51.393689
Duodenum_EBNA1BP2_Male_54_2562.jpg,usable,expert,2026-07-23T13:17:52.689161
Duodenum_ECD_Male_50_1904.jpg,unusable,expert,2026-07-23T13:18:01.194580
Duodenum_ECD_Male_66_2329.jpg,usable,expert,2026-07-23T13:18:09.161461
Duodenum_ECE1_Male_50_1904.jpg,usable,expert,2026-07-23T13:18:10.576982
Duodenum_EDC3_Male_55_1920.jpg,usable,expert,2026-07-23T13:18:11.673010
Duodenum_EDEM2_Male_35_3219.jpg,usable,expert,2026-07-23T13:18:13.337965
Duodenum_EEF1D_Female_62_3515.jpg,usable,expert,2026-07-23T13:18:14.905432
Duodenum_EEF2_Male_54_2562.jpg,usable,expert,2026-07-23T13:18:16.416933
Duodenum_EFTUD2_Male_54_2562.jpg,usable,expert,2026-07-23T13:18:26.297383
Duodenum_EGLN1_Female_60_3548.jpg,unusable,expert,2026-07-23T13:18:28.753584
Duodenum_EID2_Male_55_1920.jpg,usable,expert,2026-07-23T13:18:31.013717
Duodenum_EIF2B2_Male_66_2329.jpg,usable,expert,2026-07-23T13:18:32.196184
Duodenum_EIF3I_Female_62_3515.jpg,usable,expert,2026-07-23T13:18:33.953061
Duodenum_EIF4A2_Male_50_1904.jpg,usable,expert,2026-07-23T13:18:35.922050
Duodenum_EIF6_Male_35_3219.jpg,usable,expert,2026-07-23T13:18:36.946410
Duodenum_ELAPOR1_Male_35_3219.jpg,usable,expert,2026-07-23T13:18:39.273730
Duodenum_ELOVL7_Female_62_3515.jpg,usable,expert,2026-07-23T13:18:40.641816
Duodenum_ELP5_Female_60_3548.jpg,unusable,expert,2026-07-23T13:18:47.409462
Duodenum_ELP5_Male_50_1904.jpg,usable,expert,2026-07-23T13:18:48.993553
Duodenum_EMC9_Female_61_3614.jpg,unusable,expert,2026-07-23T13:18:50.865779
Duodenum_ENDOD1_Male_54_2562.jpg,usable,expert,2026-07-23T13:18:52.658282
Duodenum_ENPP4_Male_50_1904.jpg,usable,expert,2026-07-23T13:19:03.338314
Duodenum_ENSG00000111780_Female_67_3479.jpg,usable,expert,2026-07-23T13:19:06.459782
Duodenum_ENSG00000131152_Female_62_3515.jpg,usable,expert,2026-07-23T13:19:08.210140
Duodenum_ENSG00000255730_Male_50_1904.jpg,usable,expert,2026-07-23T13:19:09.435073
Duodenum_ENSG00000262660_Male_50_1904.jpg,usable,expert,2026-07-23T13:19:11.594500
Duodenum_ENSG00000262660_Male_54_2562.jpg,usable,expert,2026-07-23T13:19:12.930340
Duodenum_EP400_Female_60_3548.jpg,unusable,expert,2026-07-23T13:19:20.026145
Duodenum_EPHB4_Male_50_1904.jpg,usable,expert,2026-07-23T13:19:21.874837
Duodenum_EPS8_Male_50_1904.jpg,usable,expert,2026-07-23T13:19:33.410635
Duodenum_ERBIN_Male_55_1920.jpg,usable,expert,2026-07-23T13:19:37.430074
Duodenum_ERCC5_Female_67_3479.jpg,usable,expert,2026-07-23T13:19:38.770496
Duodenum_ERH_Male_66_2329.jpg,usable,expert,2026-07-23T13:19:40.290560
Duodenum_ERMAP_Male_55_1920.jpg,usable,expert,2026-07-23T13:19:41.418571
Duodenum_ETF1_Male_50_1904.jpg,usable,expert,2026-07-23T13:19:42.578222
Duodenum_EXOC3L2_Male_59_1961.jpg,usable,expert,2026-07-23T13:19:44.346564
Duodenum_EXOC5_Female_67_3479.jpg,usable,expert,2026-07-23T13:19:45.220724
Duodenum_EXOC5_Male_59_1961.jpg,usable,expert,2026-07-23T13:20:02.810640
Duodenum_EXOSC8_Male_50_1904.jpg,usable,expert,2026-07-23T13:20:04.667118
Duodenum_EZR_Female_64_2338.jpg,usable,expert,2026-07-23T13:20:05.666243
Duodenum_FAHD2A_Male_35_3219.jpg,usable,expert,2026-07-23T13:20:06.692182
Duodenum_FAM174B_Male_54_2562.jpg,usable,expert,2026-07-23T13:20:07.754794
Duodenum_FAM234A_Male_59_1961.jpg,unusable,expert,2026-07-23T13:20:11.963274
Duodenum_FAM50A_Female_64_2338.jpg,usable,expert,2026-07-23T13:20:13.842347
Duodenum_FANCE_Female_67_3479.jpg,usable,expert,2026-07-23T13:20:15.546846
Duodenum_FANCE_Male_59_1961.jpg,usable,expert,2026-07-23T13:20:17.259691
Duodenum_FAR2_Male_54_2562.jpg,usable,expert,2026-07-23T13:20:18.355264
Duodenum_FASTKD3_Female_67_3479.jpg,usable,expert,2026-07-23T13:20:19.242350
Duodenum_FASTKD3_Male_59_1961.jpg,usable,expert,2026-07-23T13:20:20.910217
Duodenum_FBH1_Male_66_2329.jpg,usable,expert,2026-07-23T13:20:38.941958
Duodenum_FBP1_Male_50_1904.jpg,usable,expert,2026-07-23T13:20:39.914704
Duodenum_FBXW5_Female_62_3515.jpg,usable,expert,2026-07-23T13:20:43.163368
Duodenum_FEN1_Male_50_1904.jpg,usable,expert,2026-07-23T13:20:55.163701
Duodenum_FHIP2B_Female_62_3515.jpg,usable,expert,2026-07-23T13:20:56.587836
Duodenum_FKBP5_Male_50_1904.jpg,usable,expert,2026-07-23T13:20:57.941084
Duodenum_FKBP8_Male_54_2562.jpg,usable,expert,2026-07-23T13:20:59.107057
Duodenum_FKBP9_Male_50_1904.jpg,usable,expert,2026-07-23T13:21:00.108328
Duodenum_FLAD1_Male_55_1920.jpg,usable,expert,2026-07-23T13:21:01.082365
Duodenum_FLRT3_Female_67_3479.jpg,usable,expert,2026-07-23T13:21:02.002728
Duodenum_FLVCR2_Male_35_3219.jpg,usable,expert,2026-07-23T13:21:03.387035
Duodenum_FMR1_Male_54_2562.jpg,usable,expert,2026-07-23T13:21:04.266435
Duodenum_FOLH1_Male_50_1904.jpg,usable,expert,2026-07-23T13:21:06.827393
Duodenum_FOSL2_Male_66_2329.jpg,usable,expert,2026-07-23T13:21:07.651949
Duodenum_FOXJ2_Male_54_2562.jpg,usable,expert,2026-07-23T13:21:09.027679
Duodenum_FOXP1_Female_64_2338.jpg,usable,expert,2026-07-23T13:21:10.845527
Duodenum_FOXP1_Male_50_1904.jpg,usable,expert,2026-07-23T13:21:11.971846
Duodenum_FOXP4_Male_50_1904.jpg,usable,expert,2026-07-23T13:21:21.051402
Duodenum_FRG1_Male_59_1961.jpg,usable,expert,2026-07-23T13:21:22.619734
Duodenum_FRY_Male_55_1920.jpg,usable,expert,2026-07-23T13:21:24.683462
Duodenum_FUBP1_Male_54_2562.jpg,usable,expert,2026-07-23T13:21:26.275607
Duodenum_FUT11_Male_50_1904.jpg,usable,expert,2026-07-23T13:21:27.781580
Duodenum_FUT11_Male_54_2562.jpg,usable,expert,2026-07-23T13:21:29.563890
Duodenum_FUT8_Male_50_1904.jpg,usable,expert,2026-07-23T13:21:31.140643
Duodenum_G6PC1_Male_55_1920.jpg,usable,expert,2026-07-23T13:21:34.947764
Duodenum_GABARAPL2_Female_62_3515.jpg,usable,expert,2026-07-23T13:21:36.723634
Duodenum_GABRP_Male_54_2562.jpg,usable,expert,2026-07-23T13:21:40.116133
Duodenum_GAK_Male_54_2562.jpg,unusable,expert,2026-07-23T13:21:50.460252
Duodenum_GALC_Male_54_2562.jpg,usable,expert,2026-07-23T13:21:53.100063
Duodenum_GALK2_Female_67_3479.jpg,unusable,expert,2026-07-23T13:22:01.604412
Duodenum_GALNS_Male_50_1904.jpg,usable,expert,2026-07-23T13:22:04.036410
Duodenum_GALNT11_Male_55_1920.jpg,usable,expert,2026-07-23T13:22:05.124165
Duodenum_GALNT5_Male_50_1904.jpg,usable,expert,2026-07-23T13:22:06.260379
Duodenum_GALNT7_Male_59_1961.jpg,usable,expert,2026-07-23T13:22:16.308743
Duodenum_GAS1_Male_54_2562.jpg,usable,expert,2026-07-23T13:22:17.389869
Duodenum_GATA4_Male_54_2562.jpg,usable,expert,2026-07-23T13:22:31.309121
Duodenum_GATA6_Male_50_1904.jpg,usable,expert,2026-07-23T13:22:33.120348
Duodenum_GATA6_Male_54_2562.jpg,usable,expert,2026-07-23T13:22:33.932047
Duodenum_GBA2_Male_50_1904.jpg,usable,expert,2026-07-23T13:22:43.308576
Duodenum_GBP4_Male_55_1920.jpg,usable,expert,2026-07-23T13:22:47.388804
Duodenum_GCHFR_Male_55_1920.jpg,unusable,expert,2026-07-23T13:22:50.958490
Duodenum_GCSH_Male_55_1920.jpg,usable,expert,2026-07-23T13:22:52.676713
Duodenum_GDPD5_Female_67_3479.jpg,usable,expert,2026-07-23T13:22:53.499843
Duodenum_GID8_Female_62_3515.jpg,usable,expert,2026-07-23T13:22:55.024103
Duodenum_GIMAP1_Female_62_3515.jpg,usable,expert,2026-07-23T13:22:56.484833
Duodenum_GIPC1_Male_55_1920.jpg,usable,expert,2026-07-23T13:22:57.829166
Duodenum_GIPC2_Female_67_3479.jpg,usable,expert,2026-07-23T13:22:59.340400
Duodenum_GJA4_Female_67_3479.jpg,usable,expert,2026-07-23T13:23:22.829179
Duodenum_GLMN_Male_35_3219.jpg,usable,expert,2026-07-23T13:23:24.405727
Duodenum_GLOD5_Male_59_1961.jpg,usable,expert,2026-07-23T13:23:25.196801
Duodenum_GLP2R_Female_67_3479.jpg,usable,expert,2026-07-23T13:23:26.037800
Duodenum_GLRX2_Male_50_1904.jpg,usable,expert,2026-07-23T13:23:26.788156
Duodenum_GMCL1_Male_55_1920.jpg,unusable,expert,2026-07-23T13:23:31.949904
Duodenum_GMCL2_Male_35_3219.jpg,usable,expert,2026-07-23T13:23:36.977646
Duodenum_GMDS_Male_55_1920.jpg,usable,expert,2026-07-23T13:23:39.420800
Duodenum_GNA13_Male_50_1904.jpg,usable,expert,2026-07-23T13:23:40.797508
Duodenum_GOLGA1_Male_50_1904.jpg,usable,expert,2026-07-23T13:23:41.637188
Duodenum_GOLGA3_Female_60_3548.jpg,unusable,expert,2026-07-23T13:23:45.276835
Duodenum_GOLGA4_Male_54_2562.jpg,usable,expert,2026-07-23T13:23:46.997320
Duodenum_GOLGA5_Male_66_2329.jpg,usable,expert,2026-07-23T13:23:48.768978
Duodenum_GOLGA8A_Male_35_3219.jpg,usable,expert,2026-07-23T13:23:55.526236
Duodenum_GORASP1_Male_35_3219.jpg,usable,expert,2026-07-23T13:23:57.094137
Duodenum_GPAT3_Male_55_1920.jpg,usable,expert,2026-07-23T13:23:58.486563
Duodenum_GPBP1_Female_62_3515.jpg,usable,expert,2026-07-23T13:23:59.965512
Duodenum_GPD2_Male_54_2562.jpg,usable,expert,2026-07-23T13:24:01.253398
Duodenum_GPKOW_Male_63_1647.jpg,unusable,expert,2026-07-23T13:24:04.005569
Duodenum_GPN3_Male_35_3219.jpg,usable,expert,2026-07-23T13:24:06.453485
Duodenum_GPR27_Female_60_3548.jpg,unusable,expert,2026-07-23T13:24:09.429587
Duodenum_GPR27_Male_54_2562.jpg,usable,expert,2026-07-23T13:24:13.398577
Duodenum_GPX2_Male_66_2329.jpg,usable,expert,2026-07-23T13:24:14.686343
Duodenum_GTF2B_Female_67_3479.jpg,usable,expert,2026-07-23T13:24:15.836044
Duodenum_GTF2IRD1_Male_35_3219.jpg,usable,expert,2026-07-23T13:24:34.214958
Duodenum_GTPBP10_Female_60_3548.jpg,unusable,expert,2026-07-23T13:24:37.069721
Duodenum_GTPBP1_Male_35_3219.jpg,usable,expert,2026-07-23T13:24:41.390467
Duodenum_H1-4_Male_50_1904.jpg,usable,expert,2026-07-23T13:24:43.006349
Duodenum_H2BC10_Male_55_1920.jpg,usable,expert,2026-07-23T13:24:44.549988
Duodenum_H2BC12L_Male_55_1920.jpg,usable,expert,2026-07-23T13:24:46.613580
Duodenum_H2BC17_Male_55_1920.jpg,usable,expert,2026-07-23T13:24:50.438651
Duodenum_H2BC6_Female_67_3479.jpg,usable,expert,2026-07-23T13:24:56.966016
Duodenum_H2BC6_Male_55_1920.jpg,usable,expert,2026-07-23T13:25:00.134568
Duodenum_H2BC7_Male_55_1920.jpg,usable,expert,2026-07-23T13:25:04.624085
Duodenum_H2BC9_Female_67_3479.jpg,usable,expert,2026-07-23T13:25:06.526678
Duodenum_H3-4_Female_64_2338.jpg,usable,expert,2026-07-23T13:25:27.334426
Duodenum_H3C11_Female_62_3515.jpg,usable,expert,2026-07-23T13:25:28.589860
Duodenum_H3C12_Female_62_3515.jpg,usable,expert,2026-07-23T13:25:30.774287
Duodenum_H3C13_Female_62_3515.jpg,usable,expert,2026-07-23T13:25:33.294664
Duodenum_H3C15_Female_62_3515.jpg,usable,expert,2026-07-23T13:25:35.063032
Duodenum_H3C4_Female_62_3515.jpg,usable,expert,2026-07-23T13:25:41.464038
Duodenum_H4C11_Female_67_3479.jpg,usable,expert,2026-07-23T13:25:45.366047
Duodenum_H4C12_Male_55_1920.jpg,usable,expert,2026-07-23T13:25:48.430887
Duodenum_H4C16_Male_54_2562.jpg,usable,expert,2026-07-23T13:25:50.167099
Duodenum_H4C4_Female_67_3479.jpg,usable,expert,2026-07-23T13:25:53.591073
Duodenum_H4C9_Female_67_3479.jpg,usable,expert,2026-07-23T13:25:56.695522
Duodenum_HADHA_Male_50_1904.jpg,usable,expert,2026-07-23T13:25:58.630695
Duodenum_HADH_Male_55_1920.jpg,usable,expert,2026-07-23T13:26:00.318783
Duodenum_HAUS3_Male_55_1920.jpg,usable,expert,2026-07-23T13:26:04.110953
Duodenum_HBP1_Male_55_1920.jpg,usable,expert,2026-07-23T13:26:05.086693
Duodenum_HDAC1_Male_50_1904.jpg,usable,expert,2026-07-23T13:26:07.023046
Duodenum_HDAC4_Male_59_1961.jpg,usable,expert,2026-07-23T13:26:09.511053
Duodenum_HDAC9_Male_35_3219.jpg,usable,expert,2026-07-23T13:26:11.622175
Duodenum_HDGFL2_Male_54_2562.jpg,usable,expert,2026-07-23T13:26:13.431271
Duodenum_HDHD2_Male_35_3219.jpg,usable,expert,2026-07-23T13:26:15.279520
Duodenum_HIBCH_Male_54_2562.jpg,usable,expert,2026-07-23T13:26:17.507767
Duodenum_HIGD2A_Male_35_3219.jpg,unusable,expert,2026-07-23T13:26:20.863982
Duodenum_HIRA_Female_62_3515.jpg,usable,expert,2026-07-23T13:26:23.630819
Duodenum_HKDC1_Male_59_1961.jpg,usable,expert,2026-07-23T13:26:26.679343
Duodenum_HMGB1_Male_50_1904.jpg,usable,expert,2026-07-23T13:26:28.383021
Duodenum_HMGCR_Male_50_1904.jpg,usable,expert,2026-07-23T13:26:30.623212
Duodenum_HMOX1_Male_73_64.jpg,usable,expert,2026-07-23T13:26:39.992554
Duodenum_HMOX2_Male_50_1904.jpg,usable,expert,2026-07-23T13:26:40.943593
Duodenum_HNF1A_Male_54_2562.jpg,usable,expert,2026-07-23T13:26:43.823753
Duodenum_HNF4A_Male_66_2329.jpg,usable,expert,2026-07-23T13:26:44.687115
Duodenum_HNRNPA3_Male_50_1904.jpg,unusable,expert,2026-07-23T13:27:09.064730
Duodenum_HNRNPA3_Male_66_2329.jpg,usable,expert,2026-07-23T13:27:10.903295
Duodenum_HNRNPC_Male_66_2329.jpg,usable,expert,2026-07-23T13:27:12.127872
Duodenum_HNRNPH2_Female_64_2338.jpg,usable,expert,2026-07-23T13:27:19.823493
Duodenum_HNRNPL_Male_54_2562.jpg,usable,expert,2026-07-23T13:27:21.007799
Duodenum_HNRNPM_Female_64_2338.jpg,usable,expert,2026-07-23T13:27:21.951445
Duodenum_HNRNPU_Male_50_1904.jpg,usable,expert,2026-07-23T13:27:23.711893
Duodenum_HPCAL1_Male_55_1920.jpg,usable,expert,2026-07-23T13:27:24.959911
Duodenum_HPS1_Male_59_1961.jpg,usable,expert,2026-07-23T13:27:26.015530
Duodenum_HSD11B2_Male_35_3219.jpg,usable,expert,2026-07-23T13:27:27.303799
Duodenum_HSD11B2_Male_55_1920.jpg,usable,expert,2026-07-23T13:27:30.127618
Duodenum_HSD17B4_Female_60_3548.jpg,unusable,expert,2026-07-23T13:27:33.032863
Duodenum_HSD17B7_Male_55_1920.jpg,usable,expert,2026-07-23T13:27:41.872346
Duodenum_HSP90B1_Male_66_2329.jpg,usable,expert,2026-07-23T13:27:45.016510
Duodenum_HSPA12B_Male_54_2562.jpg,unusable,expert,2026-07-23T13:27:54.815598
Duodenum_HSPA9_Male_63_1647.jpg,unusable,expert,2026-07-23T13:28:12.272912
Duodenum_HSPE1_Male_50_1904.jpg,usable,expert,2026-07-23T13:28:14.584299
Duodenum_ICA1L_Male_55_1920.jpg,unusable,expert,2026-07-23T13:28:18.793750
Duodenum_ICOSLG_Male_54_2562.jpg,usable,expert,2026-07-23T13:28:21.440995
Duodenum_IDH2_Male_54_2562.jpg,usable,expert,2026-07-23T13:28:23.199255
Duodenum_IFI30_Male_54_2562.jpg,usable,expert,2026-07-23T13:28:24.480816
Duodenum_IFI35_Female_67_3479.jpg,usable,expert,2026-07-23T13:28:25.664583
Duodenum_IFIH1_Male_66_2329.jpg,usable,expert,2026-07-23T13:28:26.536675
Duodenum_IFT20_Male_50_1904.jpg,unusable,expert,2026-07-23T13:28:35.280548
Duodenum_IFT22_Male_35_3219.jpg,usable,expert,2026-07-23T13:28:37.048909
Duodenum_IFTAP_Male_55_1920.jpg,usable,expert,2026-07-23T13:28:37.992566
Duodenum_IL15RA_Female_60_3548.jpg,unusable,expert,2026-07-23T13:28:41.385038
Duodenum_ILKAP_Male_66_2329.jpg,usable,expert,2026-07-23T13:28:42.985165
Duodenum_INPP5A_Male_54_2562.jpg,usable,expert,2026-07-23T13:28:44.064082
Duodenum_INSIG2_Male_50_1904.jpg,usable,expert,2026-07-23T13:28:45.521557
Duodenum_INTS10_Male_35_3219.jpg,usable,expert,2026-07-23T13:28:46.545363
Duodenum_ISCA1_Male_55_1920.jpg,usable,expert,2026-07-23T13:28:49.585611
Duodenum_ISCA2_Male_35_3219.jpg,usable,expert,2026-07-23T13:28:51.072949
Duodenum_ITGA11_Male_55_1920.jpg,unusable,expert,2026-07-23T13:28:59.561375
Duodenum_ITGA2_Female_60_3548.jpg,unusable,expert,2026-07-23T13:29:01.537325
"Small_intestine,_NOS_ACACA_Female_71_3004.jpg",usable,expert,2026-07-23T13:29:04.048768
"Small_intestine,_NOS_ANKRD37_Female_71_3004.jpg",usable,expert,2026-07-23T13:29:05.601499
"Small_intestine,_NOS_ARHGAP6_Female_71_3004.jpg",usable,expert,2026-07-23T13:29:06.488550
"Small_intestine,_NOS_B4GALT1_Female_71_3004.jpg",usable,expert,2026-07-23T13:29:07.689492
"Small_intestine,_NOS_CCT3_Female_71_3004.jpg",usable,expert,2026-07-23T13:29:09.577781
"Small_intestine,_NOS_DCLK1_Female_71_3004.jpg",usable,expert,2026-07-23T13:29:11.784866
"Small_intestine,_NOS_DDX49_Female_71_3004.jpg",usable,expert,2026-07-23T13:29:13.688831
"Small_intestine,_NOS_DNPEP_Female_71_3004.jpg",usable,expert,2026-07-23T13:29:15.921476
"Small_intestine,_NOS_GYS1_Female_71_3004.jpg",usable,expert,2026-07-23T13:29:18.873007
Small_intestine_ADNP_Male_41_2226.jpg,usable,expert,2026-07-23T13:29:20.466720
Small_intestine_APPBP2_Male_37_1652.jpg,usable,expert,2026-07-23T13:29:25.857783
Small_intestine_CYB561D2_Male_37_1652.jpg,usable,expert,2026-07-23T13:29:27.785394
Small_intestine_EPCAM_Male_41_2226.jpg,usable,expert,2026-07-23T13:29:30.048733
Small_intestine_GIPC2_Male_70_1919.jpg,usable,expert,2026-07-23T13:29:32.017734
Small_intestine_ISY1-RAB43_Male_41_2226.jpg,unusable,expert,2026-07-23T13:29:36.720629
