image_id,fold,true,pred,prob_usable
Duodenum_ABCA9_Male_55_1920.jpg,1,usable,usable,0.9834
Duodenum_ACAP2_Male_55_1920.jpg,1,usable,unusable,0.3934
Duodenum_ACTBL2_Male_55_1920.jpg,1,usable,usable,0.8612
Duodenum_ACTC1_Male_55_1920.jpg,1,usable,usable,0.8309
Duodenum_ACVR2A_Male_55_1920.jpg,1,usable,usable,0.8566
Duodenum_ADAL_Male_55_1920.jpg,1,usable,unusable,0.1503
Duodenum_AGR3_Male_55_1920.jpg,1,usable,usable,0.8005
Duodenum_AK4_Male_55_1920.jpg,1,usable,usable,0.8908
Duodenum_AKR1C1_Male_55_1920.jpg,1,usable,unusable,0.2417
Duodenum_ALG12_Male_55_1920.jpg,1,usable,usable,0.7252
Duodenum_ALMS1_Male_55_1920.jpg,1,unusable,unusable,0.0547
Duodenum_ALPP_Male_55_1920.jpg,1,usable,usable,0.6397
Duodenum_ANKRD12_Male_55_1920.jpg,1,usable,usable,0.8728
Duodenum_AP5Z1_Male_55_1920.jpg,1,unusable,unusable,0.2057
Duodenum_APH1A_Male_55_1920.jpg,1,usable,usable,0.8394
Duodenum_APIP_Male_55_1920.jpg,1,usable,usable,0.7308
Duodenum_ARFRP1_Male_55_1920.jpg,1,unusable,usable,0.9647
Duodenum_ARL17A_Male_55_1920.jpg,1,usable,usable,0.8143
Duodenum_ARL17B_Male_55_1920.jpg,1,usable,usable,0.8143
Duodenum_ARMH3_Male_55_1920.jpg,1,usable,unusable,0.2658
Duodenum_ARPIN-AP3S2_Male_55_1920.jpg,1,usable,usable,0.6379
Duodenum_ATF6B_Male_55_1920.jpg,1,usable,usable,0.7131
Duodenum_ATP2B1_Female_53_3413.jpg,1,usable,usable,0.7754
Duodenum_ATP5MG_Male_55_1920.jpg,1,usable,usable,0.7729
Duodenum_BAX_Female_53_3413.jpg,1,unusable,unusable,0.1721
Duodenum_BCAS1_Male_55_1920.jpg,1,usable,usable,0.8086
Duodenum_BCAS4_Male_55_1920.jpg,1,usable,unusable,0.0568
Duodenum_BCL2L15_Male_55_1920.jpg,1,usable,usable,0.7775
Duodenum_BIVM-ERCC5_Male_55_1920.jpg,1,usable,usable,0.7949
Duodenum_BLTP3B_Male_55_1920.jpg,1,usable,unusable,0.0996
Duodenum_BRAP_Male_55_1920.jpg,1,usable,unusable,0.1622
Duodenum_C11orf96_Male_55_1920.jpg,1,usable,usable,0.8700
Duodenum_C12orf73_Male_55_1920.jpg,1,usable,usable,0.6751
Duodenum_C19orf47_Male_55_1920.jpg,1,usable,unusable,0.2036
Duodenum_C20orf96_Male_55_1920.jpg,1,usable,usable,0.8870
Duodenum_CALML4_Male_55_1920.jpg,1,usable,usable,0.8434
Duodenum_CARD19_Male_55_1920.jpg,1,usable,usable,0.9426
Duodenum_CCDC12_Male_55_1920.jpg,1,usable,usable,0.9408
Duodenum_CCDC159_Male_55_1920.jpg,1,usable,usable,0.5380
Duodenum_CCDC8_Male_55_1920.jpg,1,usable,usable,0.6556
Duodenum_CCNL2_Male_55_1920.jpg,1,unusable,unusable,0.1579
Duodenum_CCNT2_Female_53_3413.jpg,1,usable,usable,0.8716
Duodenum_CCT6A_Male_55_1920.jpg,1,usable,unusable,0.1086
Duodenum_CCZ1B_Male_55_1920.jpg,1,usable,unusable,0.0862
Duodenum_CCZ1_Male_55_1920.jpg,1,unusable,unusable,0.0862
Duodenum_CD248_Male_55_1920.jpg,1,usable,unusable,0.0595
Duodenum_CD44_Male_70_582.jpg,1,unusable,unusable,0.0612
Duodenum_CDK13_Male_55_1920.jpg,1,usable,usable,0.8050
Duodenum_CENPV_Male_55_1920.jpg,1,unusable,usable,0.5421
Duodenum_CFL1_Male_55_1920.jpg,1,usable,usable,0.9253
Duodenum_CGGBP1_Male_55_1920.jpg,1,unusable,unusable,0.1611
Duodenum_CHCHD1_Male_55_1920.jpg,1,usable,usable,0.9833
Duodenum_CHGA_Male_70_582.jpg,1,unusable,unusable,0.0483
Duodenum_CISD3_Male_55_1920.jpg,1,unusable,unusable,0.2172
Duodenum_CISH_Male_55_1920.jpg,1,usable,usable,0.8617
Duodenum_CKAP4_Male_70_582.jpg,1,usable,usable,0.8075
Duodenum_CMAS_Male_55_1920.jpg,1,usable,usable,0.8576
Duodenum_CNOT1_Male_55_1920.jpg,1,usable,unusable,0.4949
Duodenum_COG6_Male_55_1920.jpg,1,usable,usable,0.8636
Duodenum_COPG2_Male_55_1920.jpg,1,unusable,unusable,0.3358
Duodenum_COPS9_Male_55_1920.jpg,1,usable,unusable,0.0454
Duodenum_CRBN_Male_55_1920.jpg,1,usable,unusable,0.1554
Duodenum_CYP20A1_Male_55_1920.jpg,1,usable,usable,0.9444
Duodenum_DAD1_Male_55_1920.jpg,1,unusable,usable,0.6936
Duodenum_DCAF11_Male_55_1920.jpg,1,usable,unusable,0.4987
Duodenum_DCHS1_Male_55_1920.jpg,1,usable,unusable,0.4670
Duodenum_DCP1B_Male_55_1920.jpg,1,usable,usable,0.9089
Duodenum_DDX27_Male_55_1920.jpg,1,usable,usable,0.9884
Duodenum_DDX28_Male_55_1920.jpg,1,unusable,unusable,0.0514
Duodenum_DENND2B_Male_55_1920.jpg,1,usable,unusable,0.1089
Duodenum_DERL3_Male_55_1920.jpg,1,usable,usable,0.6689
Duodenum_DEXI_Male_55_1920.jpg,1,usable,usable,0.6362
Duodenum_DHX38_Male_55_1920.jpg,1,usable,unusable,0.1526
Duodenum_DKC1_Male_70_582.jpg,1,usable,usable,0.8285
Duodenum_DLGAP4_Male_55_1920.jpg,1,usable,usable,0.6246
Duodenum_DNAJC21_Male_55_1920.jpg,1,usable,usable,0.6575
Duodenum_DNAJC3_Male_55_1920.jpg,1,usable,usable,0.7297
Duodenum_ECI1_Male_55_1920.jpg,1,unusable,unusable,0.0412
Duodenum_EDC3_Male_55_1920.jpg,1,usable,usable,0.9707
Duodenum_EEF1G_Male_55_1920.jpg,1,usable,unusable,0.4556
Duodenum_EID2_Male_55_1920.jpg,1,usable,unusable,0.4270
Duodenum_ELP4_Male_55_1920.jpg,1,unusable,unusable,0.0624
Duodenum_EMC3_Male_55_1920.jpg,1,usable,unusable,0.4904
Duodenum_ENSG00000285304_Male_70_582.jpg,1,usable,unusable,0.1442
Duodenum_ERBB3_Male_55_1920.jpg,1,usable,usable,0.6855
Duodenum_ERBIN_Male_55_1920.jpg,1,usable,usable,0.8150
Duodenum_ERMAP_Male_55_1920.jpg,1,usable,usable,0.9321
Duodenum_ESF1_Male_55_1920.jpg,1,usable,unusable,0.4951
Duodenum_FLAD1_Male_55_1920.jpg,1,usable,usable,0.8585
Duodenum_FRY_Male_55_1920.jpg,1,usable,usable,0.9788
Duodenum_G6PC1_Male_55_1920.jpg,1,usable,usable,0.9857
Duodenum_GALNT11_Male_55_1920.jpg,1,usable,usable,0.8895
Duodenum_GBP2_Male_55_1920.jpg,1,unusable,unusable,0.0749
Duodenum_GBP4_Male_55_1920.jpg,1,usable,usable,0.7600
Duodenum_GCHFR_Male_55_1920.jpg,1,unusable,unusable,0.0556
Duodenum_GCSH_Male_55_1920.jpg,1,usable,usable,0.9941
Duodenum_GIPC1_Male_55_1920.jpg,1,usable,usable,0.9710
Duodenum_GMCL1_Male_55_1920.jpg,1,unusable,unusable,0.2009
Duodenum_GMCL2_Male_55_1920.jpg,1,usable,unusable,0.2009
Duodenum_GMDS_Male_55_1920.jpg,1,usable,usable,0.9799
Duodenum_GPAT3_Male_55_1920.jpg,1,usable,usable,0.7249
Duodenum_GPKOW_Male_70_582.jpg,1,usable,unusable,0.0502
Duodenum_GRK3_Male_70_582.jpg,1,usable,usable,0.7187
Duodenum_H1-3_Male_55_1920.jpg,1,usable,usable,0.8081
Duodenum_H2BC10_Male_55_1920.jpg,1,usable,usable,0.7248
Duodenum_H2BC12L_Male_55_1920.jpg,1,usable,usable,0.7248
Duodenum_H2BC17_Male_55_1920.jpg,1,usable,usable,0.7248
Duodenum_H2BC6_Male_55_1920.jpg,1,usable,usable,0.7248
Duodenum_H2BC7_Male_55_1920.jpg,1,usable,usable,0.7248
Duodenum_H3-3B_Male_55_1920.jpg,1,usable,unusable,0.4491
Duodenum_H4C12_Male_55_1920.jpg,1,usable,usable,0.8972
Duodenum_HADH_Male_55_1920.jpg,1,usable,usable,0.7183
Duodenum_HAUS3_Male_55_1920.jpg,1,usable,usable,0.6746
Duodenum_HAUS8_Male_55_1920.jpg,1,usable,usable,0.6515
Duodenum_HAX1_Male_55_1920.jpg,1,unusable,unusable,0.1077
Duodenum_HBP1_Male_55_1920.jpg,1,usable,usable,0.9594
Duodenum_HNRNPUL1_Male_55_1920.jpg,1,usable,unusable,0.2376
Duodenum_HPCAL1_Male_55_1920.jpg,1,usable,usable,0.9376
Duodenum_HPRT1_Female_53_3413.jpg,1,unusable,unusable,0.1906
Duodenum_HSD11B2_Male_55_1920.jpg,1,usable,usable,0.7366
Duodenum_HSD17B7_Male_55_1920.jpg,1,usable,usable,0.9136
Duodenum_ICA1L_Male_55_1920.jpg,1,unusable,unusable,0.0953
Duodenum_IFTAP_Male_55_1920.jpg,1,usable,usable,0.9679
Duodenum_INTS8_Male_55_1920.jpg,1,usable,unusable,0.2241
Duodenum_ISCA1_Male_55_1920.jpg,1,usable,usable,0.9749
Duodenum_ITGA11_Male_55_1920.jpg,1,unusable,usable,0.9183
Duodenum_KDM6A_Male_70_582.jpg,1,usable,unusable,0.0798
Duodenum_MAX_Male_70_582.jpg,1,usable,usable,0.9961
Duodenum_RNF113A_Male_70_582.jpg,1,usable,unusable,0.3734
Duodenum_SH3BP1_Male_70_582.jpg,1,usable,unusable,0.1442
Duodenum_SP1_Male_70_582.jpg,1,usable,unusable,0.3360
Small_intestine_A1CF_Female_68_3852.jpg,1,usable,usable,0.8831
Small_intestine_AAGAB_Female_64_2450.jpg,1,usable,usable,0.9243
Small_intestine_AAGAB_Female_68_3852.jpg,1,usable,usable,0.9621
Small_intestine_AARS2_Female_64_2450.jpg,1,usable,usable,0.8384
Small_intestine_AASDH_Female_64_2450.jpg,1,usable,usable,0.6449
Small_intestine_ABCA9_Female_64_2450.jpg,1,usable,unusable,0.0869
Small_intestine_ABCA9_Female_68_3852.jpg,1,usable,unusable,0.0475
Small_intestine_ABCD3_Female_64_2450.jpg,1,usable,usable,0.8937
Small_intestine_ABCF3_Female_64_2450.jpg,1,usable,usable,0.9674
Small_intestine_ABCG2_Female_68_3852.jpg,1,usable,usable,0.9592
Small_intestine_ABHD10_Female_64_2450.jpg,1,usable,usable,0.6374
Small_intestine_ABHD18_Female_64_2450.jpg,1,usable,usable,0.8860
Small_intestine_ABHD18_Female_68_3852.jpg,1,usable,usable,0.8814
Small_intestine_ABR_Female_64_2450.jpg,1,usable,usable,0.9548
Small_intestine_ABR_Female_68_3852.jpg,1,usable,usable,0.9779
Small_intestine_ACAA2_Female_64_2450.jpg,1,usable,usable,0.9743
Small_intestine_ACAA2_Female_68_3852.jpg,1,usable,usable,0.9948
Small_intestine_ACACA_Female_68_3852.jpg,1,usable,unusable,0.0469
Small_intestine_ACAD8_Female_64_2450.jpg,1,usable,usable,0.8487
Small_intestine_ACAD8_Female_68_3852.jpg,1,usable,usable,0.8525
Small_intestine_ACADSB_Female_44_1800.jpg,1,usable,unusable,0.0626
Small_intestine_ACAP2_Female_64_2450.jpg,1,usable,usable,0.7553
Small_intestine_ACAP3_Female_68_3852.jpg,1,usable,unusable,0.1571
Small_intestine_ACE2_Female_44_1800.jpg,1,usable,usable,0.9357
Small_intestine_ACE_Female_68_3852.jpg,1,usable,usable,0.9774
Small_intestine_ACSL1_Female_44_1800.jpg,1,usable,usable,0.8974
Small_intestine_ACSL5_Female_68_3852.jpg,1,usable,usable,0.6545
Small_intestine_ACSL6_Female_44_1800.jpg,1,usable,usable,0.8347
Small_intestine_ADH6_Female_44_1800.jpg,1,unusable,unusable,0.0482
Small_intestine_ADM_Female_44_1800.jpg,1,usable,usable,0.8737
Small_intestine_ADORA2A_Female_44_1800.jpg,1,unusable,unusable,0.3469
Small_intestine_AGTPBP1_Female_44_1800.jpg,1,usable,usable,0.8310
Small_intestine_AK5_Female_44_1800.jpg,1,usable,unusable,0.1356
Small_intestine_AKR1C1_Female_44_1800.jpg,1,usable,usable,0.6819
Small_intestine_AKR1C3_Female_44_1800.jpg,1,usable,usable,0.6819
Small_intestine_ALDH4A1_Female_44_1800.jpg,1,usable,usable,0.8958
Small_intestine_APPBP2_Male_37_1652.jpg,1,usable,usable,0.8557
Small_intestine_CYB561D2_Male_37_1652.jpg,1,usable,usable,0.9945
Small_intestine_ENSG00000271254_Male_7_1826.jpg,1,usable,unusable,0.1579
Duodenum_ABHD8_Male_54_2562.jpg,2,usable,usable,0.9188
Duodenum_ACAN_Male_54_2562.jpg,2,unusable,usable,0.8498
Duodenum_ACBD3_Male_54_2562.jpg,2,usable,usable,0.8390
Duodenum_ACSL3_Male_54_2562.jpg,2,usable,usable,0.8502
Duodenum_AGR2_Male_54_2562.jpg,2,usable,usable,0.9591
Duodenum_AKR1C3_Male_54_2562.jpg,2,usable,usable,0.7881
Duodenum_ALDOB_Female_75_1098.jpg,2,usable,usable,0.9706
Duodenum_API5_Male_54_2562.jpg,2,usable,unusable,0.1073
Duodenum_APOO_Male_54_2562.jpg,2,usable,usable,0.7230
Duodenum_ARHGAP12_Male_54_2562.jpg,2,usable,usable,0.7604
Duodenum_ARHGEF16_Male_54_2562.jpg,2,usable,usable,0.7547
Duodenum_ATG12_Male_54_2562.jpg,2,usable,usable,0.9732
Duodenum_ATP5IF1_Male_54_2562.jpg,2,usable,usable,0.5879
Duodenum_ATP7A_Male_54_2562.jpg,2,usable,usable,0.8860
Duodenum_ATXN1_Male_54_2562.jpg,2,usable,usable,0.8710
Duodenum_AXIN2_Male_54_2562.jpg,2,usable,usable,0.5713
Duodenum_AZIN1_Male_54_2562.jpg,2,usable,usable,0.6348
Duodenum_B4GALT6_Male_54_2562.jpg,2,usable,usable,0.6356
Duodenum_BCL2L2-PABPN1_Male_73_64.jpg,2,usable,usable,0.6830
Duodenum_BMP1_Male_54_2562.jpg,2,usable,usable,0.8706
Duodenum_BMP2K_Male_54_2562.jpg,2,unusable,unusable,0.2758
Duodenum_BPNT2_Male_54_2562.jpg,2,usable,usable,0.8060
Duodenum_BTF3_Male_54_2562.jpg,2,unusable,usable,0.7742
Duodenum_C1orf116_Male_54_2562.jpg,2,usable,usable,0.6883
Duodenum_C9orf72_Male_54_2562.jpg,2,usable,usable,0.9651
Duodenum_CALHM2_Male_54_2562.jpg,2,usable,usable,0.8347
Duodenum_CCDC186_Male_54_2562.jpg,2,usable,usable,0.8873
Duodenum_CCDC68_Male_54_2562.jpg,2,usable,usable,0.9331
Duodenum_CCNDBP1_Male_54_2562.jpg,2,usable,usable,0.9467
Duodenum_CDK11B_Male_54_2562.jpg,2,usable,unusable,0.2079
Duodenum_CDK12_Male_54_2562.jpg,2,usable,usable,0.9264
Duodenum_CGN_Male_54_2562.jpg,2,usable,unusable,0.4030
Duodenum_CHADL_Male_54_2562.jpg,2,usable,usable,0.9647
Duodenum_CHAF1A_Male_54_2562.jpg,2,usable,usable,0.9755
Duodenum_CHD4_Male_54_2562.jpg,2,usable,usable,0.9032
Duodenum_CNNM3_Male_54_2562.jpg,2,usable,usable,0.8828
Duodenum_COQ8B_Male_54_2562.jpg,2,usable,unusable,0.4112
Duodenum_CPNE3_Male_54_2562.jpg,2,unusable,usable,0.5637
Duodenum_CPSF2_Male_54_2562.jpg,2,unusable,unusable,0.2949
Duodenum_CPSF6_Male_54_2562.jpg,2,usable,usable,0.9827
Duodenum_CRK_Male_54_2562.jpg,2,usable,usable,0.9577
Duodenum_CTNNA1_Male_54_2562.jpg,2,usable,usable,0.9934
Duodenum_CTSS_Female_75_1098.jpg,2,usable,usable,0.9142
Duodenum_CWC25_Male_54_2562.jpg,2,usable,usable,0.8622
Duodenum_DARS2_Male_54_2562.jpg,2,usable,unusable,0.4350
Duodenum_DCLK1_Male_54_2562.jpg,2,usable,usable,0.9678
Duodenum_DCTN6_Male_54_2562.jpg,2,usable,unusable,0.3850
Duodenum_DDIT4_Male_54_2562.jpg,2,unusable,unusable,0.4169
Duodenum_DENND11_Male_54_2562.jpg,2,usable,unusable,0.3194
Duodenum_DERL1_Male_54_2562.jpg,2,usable,usable,0.8792
Duodenum_DHRS1_Male_73_64.jpg,2,usable,unusable,0.2334
Duodenum_DHX9_Male_54_2562.jpg,2,usable,unusable,0.2763
Duodenum_DMXL1_Male_54_2562.jpg,2,unusable,unusable,0.1253
Duodenum_DNASE1_Male_54_2562.jpg,2,usable,usable,0.5355
Duodenum_DNPH1_Male_54_2562.jpg,2,usable,usable,0.9756
Duodenum_DYNLRB1_Male_54_2562.jpg,2,usable,usable,0.9157
Duodenum_EBNA1BP2_Male_54_2562.jpg,2,usable,usable,0.6380
Duodenum_EEF2_Male_54_2562.jpg,2,usable,usable,0.9529
Duodenum_EFTUD2_Male_54_2562.jpg,2,usable,usable,0.9530
Duodenum_EIF2AK3_Male_54_2562.jpg,2,usable,unusable,0.3500
Duodenum_ELAPOR1_Male_54_2562.jpg,2,usable,unusable,0.2035
Duodenum_ENDOD1_Male_54_2562.jpg,2,usable,usable,0.9982
Duodenum_ENSG00000262660_Male_54_2562.jpg,2,usable,usable,0.9485
Duodenum_FABP6_Male_54_2562.jpg,2,unusable,unusable,0.1916
Duodenum_FAM174B_Male_54_2562.jpg,2,usable,usable,0.9257
Duodenum_FAR2_Male_54_2562.jpg,2,usable,usable,0.9673
Duodenum_FKBP8_Male_54_2562.jpg,2,usable,usable,0.8428
Duodenum_FMR1_Male_54_2562.jpg,2,usable,usable,0.9373
Duodenum_FOXJ2_Male_54_2562.jpg,2,usable,usable,0.9033
Duodenum_FUBP1_Male_54_2562.jpg,2,usable,usable,0.8455
Duodenum_FUT11_Male_54_2562.jpg,2,usable,usable,0.8193
Duodenum_GABRP_Male_54_2562.jpg,2,usable,usable,0.5446
Duodenum_GAK_Male_54_2562.jpg,2,unusable,usable,0.5224
Duodenum_GALC_Male_54_2562.jpg,2,usable,usable,0.6362
Duodenum_GAS1_Male_54_2562.jpg,2,usable,usable,0.9836
Duodenum_GATA4_Male_54_2562.jpg,2,usable,usable,0.8481
Duodenum_GATA6_Male_54_2562.jpg,2,usable,usable,0.9092
Duodenum_GDI1_Male_54_2562.jpg,2,usable,unusable,0.0730
Duodenum_GNA13_Male_54_2562.jpg,2,usable,unusable,0.1534
Duodenum_GOLGA4_Male_54_2562.jpg,2,usable,usable,0.9657
Duodenum_GPD2_Male_54_2562.jpg,2,usable,usable,0.7770
Duodenum_GPR27_Male_54_2562.jpg,2,usable,unusable,0.2058
Duodenum_GTF2E1_Male_54_2562.jpg,2,usable,usable,0.6496
Duodenum_H1-2_Male_54_2562.jpg,2,unusable,unusable,0.1855
Duodenum_H2AZ1_Male_54_2562.jpg,2,usable,usable,0.5762
Duodenum_H3-3A_Male_54_2562.jpg,2,unusable,unusable,0.1184
Duodenum_H4C16_Male_54_2562.jpg,2,usable,usable,0.9237
Duodenum_HDGFL2_Male_54_2562.jpg,2,usable,usable,0.9720
Duodenum_HIBCH_Male_54_2562.jpg,2,usable,usable,0.8485
Duodenum_HMOX1_Male_73_64.jpg,2,usable,usable,0.7508
Duodenum_HNF1A_Male_54_2562.jpg,2,usable,usable,0.8905
Duodenum_HNRNPL_Male_54_2562.jpg,2,usable,usable,0.8579
Duodenum_HNRNPU_Male_54_2562.jpg,2,usable,unusable,0.2660
Duodenum_HSPA12B_Male_54_2562.jpg,2,unusable,unusable,0.4223
Duodenum_ICOSLG_Male_54_2562.jpg,2,usable,usable,0.8023
Duodenum_IDH2_Male_54_2562.jpg,2,usable,usable,0.9866
Duodenum_IFI30_Male_54_2562.jpg,2,usable,usable,0.9901
Duodenum_IFT80_Male_54_2562.jpg,2,usable,unusable,0.3460
Duodenum_INPP5A_Male_54_2562.jpg,2,usable,usable,0.9140
Duodenum_ISCU_Male_54_2562.jpg,2,usable,usable,0.9459
"Small_intestine,_NOS_ACACA_Female_71_3004.jpg",2,usable,usable,0.9206
"Small_intestine,_NOS_ANKRD37_Female_71_3004.jpg",2,usable,usable,0.9710
"Small_intestine,_NOS_ARHGAP6_Female_71_3004.jpg",2,usable,usable,0.9738
"Small_intestine,_NOS_B4GALT1_Female_71_3004.jpg",2,usable,usable,0.9864
"Small_intestine,_NOS_C8orf44-SGK3_Female_71_3004.jpg",2,usable,usable,0.8206
"Small_intestine,_NOS_CCT3_Female_71_3004.jpg",2,usable,usable,0.9761
"Small_intestine,_NOS_DCLK1_Female_71_3004.jpg",2,usable,usable,0.9685
"Small_intestine,_NOS_DDX49_Female_71_3004.jpg",2,usable,usable,0.7394
"Small_intestine,_NOS_DNPEP_Female_71_3004.jpg",2,usable,usable,0.9141
"Small_intestine,_NOS_GYS1_Female_71_3004.jpg",2,usable,usable,0.8768
Small_intestine_ABCD3_Female_56_1499.jpg,2,usable,usable,0.5388
Small_intestine_ACTA1_Female_37_29.jpg,2,usable,usable,0.9712
Small_intestine_ACTA1_Male_1_493.jpg,2,usable,usable,0.8004
Small_intestine_ACTA2_Female_37_29.jpg,2,usable,usable,0.9576
Small_intestine_ACTA2_Male_1_493.jpg,2,usable,unusable,0.2391
Small_intestine_ACY3_Female_56_1499.jpg,2,usable,usable,0.8287
Small_intestine_ADSL_Female_37_29.jpg,2,usable,usable,0.8556
Small_intestine_AGPAT1_Female_56_1499.jpg,2,usable,unusable,0.1891
Small_intestine_AIP_Female_56_1499.jpg,2,usable,unusable,0.4891
Small_intestine_AK3_Female_56_1499.jpg,2,usable,usable,0.9292
Small_intestine_AKAP8_Female_56_1499.jpg,2,usable,usable,0.8178
Small_intestine_AKR1B10_Female_56_1499.jpg,2,usable,usable,0.6509
Small_intestine_ALDH1B1_Female_56_1499.jpg,2,usable,usable,0.6535
Small_intestine_ALDOB_Male_59_969.jpg,2,usable,usable,0.7427
Small_intestine_AMN_Female_37_29.jpg,2,usable,usable,0.8003
Small_intestine_AMN_Male_1_493.jpg,2,usable,usable,0.8596
Small_intestine_ANXA13_Female_56_1499.jpg,2,usable,unusable,0.3045
Small_intestine_API5_Male_Unknown_1359.jpg,2,usable,usable,0.9035
Small_intestine_APOA4_Female_56_1499.jpg,2,usable,usable,0.8725
Small_intestine_APTX_Female_56_1499.jpg,2,usable,usable,0.9335
Small_intestine_AQP10_Female_56_1499.jpg,2,usable,usable,0.9689
Small_intestine_ARG2_Female_37_29.jpg,2,usable,usable,0.8969
Small_intestine_ARG2_Male_1_493.jpg,2,usable,usable,0.7462
Small_intestine_ARHGEF10L_Male_Unknown_1359.jpg,2,unusable,unusable,0.3192
Small_intestine_ATF7IP_Male_Unknown_1359.jpg,2,usable,usable,0.6842
Small_intestine_ATXN3_Male_Unknown_1359.jpg,2,usable,usable,0.9590
Small_intestine_BAIAP2L1_Male_Unknown_1359.jpg,2,usable,usable,0.7281
Small_intestine_BCL2L2-PABPN1_Female_37_29.jpg,2,usable,usable,0.8520
Small_intestine_BCL2L2-PABPN1_Male_1_493.jpg,2,usable,usable,0.7133
Small_intestine_BRPF3_Male_Unknown_1359.jpg,2,usable,usable,0.6067
Small_intestine_C17orf49_Male_Unknown_1359.jpg,2,usable,usable,0.9352
Small_intestine_C1orf54_Male_Unknown_1359.jpg,2,usable,usable,0.7714
Small_intestine_C9orf72_Male_Unknown_1359.jpg,2,usable,usable,0.7096
Small_intestine_CALR_Male_59_969.jpg,2,usable,usable,0.9849
Small_intestine_CANT1_Male_Unknown_1359.jpg,2,usable,usable,0.6286
Small_intestine_CASK_Male_59_969.jpg,2,usable,usable,0.8515
Small_intestine_CASP6_Male_Unknown_1359.jpg,2,usable,usable,0.7143
Small_intestine_CCNB1_Male_59_969.jpg,2,usable,usable,0.9630
Small_intestine_CCNG1_Male_59_969.jpg,2,usable,usable,0.8809
Small_intestine_CD44_Female_37_29.jpg,2,usable,usable,0.9533
Small_intestine_CD44_Male_1_493.jpg,2,unusable,unusable,0.4460
Small_intestine_CDCA5_Male_Unknown_1359.jpg,2,usable,unusable,0.3845
Small_intestine_CHGA_Female_37_29.jpg,2,usable,usable,0.9477
Small_intestine_CHGA_Male_1_493.jpg,2,usable,usable,0.6981
Small_intestine_CKAP4_Female_37_29.jpg,2,usable,usable,0.6143
Small_intestine_CKAP4_Male_1_493.jpg,2,usable,usable,0.8848
Small_intestine_CKAP4_Male_59_969.jpg,2,usable,usable,0.9761
Small_intestine_CLU_Female_37_29.jpg,2,usable,usable,0.8936
Small_intestine_CLU_Male_1_493.jpg,2,usable,unusable,0.3025
Small_intestine_CTNNB1_Male_59_969.jpg,2,usable,usable,0.9916
Small_intestine_CTSB_Female_37_29.jpg,2,usable,usable,0.9449
Small_intestine_CTSB_Male_1_493.jpg,2,usable,usable,0.9137
Small_intestine_CTSH_Male_59_969.jpg,2,usable,usable,0.9947
Small_intestine_CTSS_Male_59_969.jpg,2,usable,usable,0.9784
Small_intestine_DHRS1_Female_37_29.jpg,2,usable,usable,0.8153
Small_intestine_DHRS1_Male_1_493.jpg,2,usable,usable,0.8446
Small_intestine_DKC1_Male_1_493.jpg,2,unusable,unusable,0.1260
Small_intestine_EIF5_Male_59_969.jpg,2,usable,usable,0.9398
Small_intestine_H1-0_Male_59_969.jpg,2,usable,usable,0.8758
Small_intestine_HSPA9_Male_59_969.jpg,2,usable,usable,0.9110
Duodenum_A1CF_Female_67_3479.jpg,3,usable,usable,0.9091
Duodenum_ABCA4_Female_61_3614.jpg,3,usable,usable,0.6059
Duodenum_ABCG2_Female_67_3479.jpg,3,usable,usable,0.9563
Duodenum_ABI3_Female_61_3614.jpg,3,unusable,unusable,0.3969
Duodenum_ACSL1_Female_61_3614.jpg,3,unusable,unusable,0.1208
Duodenum_ACSL6_Female_67_3479.jpg,3,usable,usable,0.8186
Duodenum_ADH6_Female_67_3479.jpg,3,usable,usable,0.7659
Duodenum_ADORA2A_Female_67_3479.jpg,3,usable,usable,0.8624
Duodenum_AGPAT1_Female_67_3479.jpg,3,usable,usable,0.8667
Duodenum_AGTPBP1_Female_67_3479.jpg,3,usable,usable,0.9849
Duodenum_AIP_Female_67_3479.jpg,3,usable,usable,0.5896
Duodenum_AKAP8_Female_67_3479.jpg,3,usable,usable,0.9680
Duodenum_AKIRIN1_Female_67_3479.jpg,3,usable,usable,0.6550
Duodenum_ALDOB_Male_84_139.jpg,3,usable,usable,0.9627
Duodenum_ALG6_Female_61_3614.jpg,3,unusable,unusable,0.1447
Duodenum_ALG8_Female_67_3479.jpg,3,usable,usable,0.8994
Duodenum_ALKBH4_Female_67_3479.jpg,3,unusable,unusable,0.2624
Duodenum_AMN_Female_48_75.jpg,3,usable,usable,0.6117
Duodenum_ANKRA2_Female_67_3479.jpg,3,usable,usable,0.5178
Duodenum_APC_Female_61_3614.jpg,3,unusable,usable,0.6747
Duodenum_APOC3_Female_61_3614.jpg,3,unusable,unusable,0.2125
Duodenum_AQP1_Female_48_75.jpg,3,unusable,unusable,0.3865
Duodenum_AQP1_Male_63_1647.jpg,3,unusable,unusable,0.2435
Duodenum_AQP1_Male_79_2650.jpg,3,usable,usable,0.9876
Duodenum_ARG2_Female_48_75.jpg,3,unusable,unusable,0.2127
Duodenum_ARL15_Female_67_3479.jpg,3,usable,usable,0.9916
Duodenum_ARL17A_Female_67_3479.jpg,3,usable,usable,0.5004
Duodenum_ARL17B_Female_67_3479.jpg,3,usable,usable,0.5004
Duodenum_ARL6IP4_Female_67_3479.jpg,3,usable,usable,0.9403
Duodenum_ATP1B1_Female_61_3614.jpg,3,unusable,unusable,0.1273
Duodenum_ATP5MC2_Female_67_3479.jpg,3,usable,usable,0.9507
Duodenum_ATP6V1C2_Female_61_3614.jpg,3,unusable,unusable,0.3135
Duodenum_BCL2L2-PABPN1_Female_48_75.jpg,3,unusable,unusable,0.3215
Duodenum_BCO2_Female_61_3614.jpg,3,unusable,unusable,0.1067
Duodenum_BICDL2_Female_67_3479.jpg,3,unusable,unusable,0.2967
Duodenum_BIRC6_Female_67_3479.jpg,3,unusable,unusable,0.1393
Duodenum_BLTP3B_Female_67_3479.jpg,3,usable,usable,0.5818
Duodenum_BRD7_Female_67_3479.jpg,3,unusable,unusable,0.0798
Duodenum_C1orf226_Female_67_3479.jpg,3,usable,usable,0.8946
Duodenum_C20orf96_Female_67_3479.jpg,3,usable,usable,0.5285
Duodenum_C2orf68_Female_67_3479.jpg,3,usable,usable,0.8036
Duodenum_C9orf64_Female_67_3479.jpg,3,usable,usable,0.9349
Duodenum_C9orf85_Female_61_3614.jpg,3,unusable,unusable,0.1458
Duodenum_CADPS_Female_67_3479.jpg,3,usable,usable,0.9971
Duodenum_CALR_Male_79_2650.jpg,3,unusable,unusable,0.1808
Duodenum_CASK_Male_79_2650.jpg,3,unusable,unusable,0.4334
Duodenum_CASK_Male_84_139.jpg,3,usable,usable,0.9348
Duodenum_CASTOR2_Female_67_3479.jpg,3,usable,usable,0.8833
Duodenum_CBFA2T3_Female_67_3479.jpg,3,unusable,unusable,0.3903
Duodenum_CCDC159_Female_67_3479.jpg,3,usable,usable,0.8448
Duodenum_CCDC66_Female_61_3614.jpg,3,unusable,unusable,0.3800
Duodenum_CCDC85B_Female_67_3479.jpg,3,usable,usable,0.8191
Duodenum_CCK_Female_61_3614.jpg,3,unusable,unusable,0.1108
Duodenum_CCNA2_Female_67_3479.jpg,3,unusable,unusable,0.3347
Duodenum_CCNB1_Male_63_1647.jpg,3,unusable,unusable,0.0831
Duodenum_CCNB1_Male_79_2650.jpg,3,usable,usable,0.8690
Duodenum_CCNG1_Male_79_2650.jpg,3,usable,usable,0.8718
Duodenum_CD248_Female_67_3479.jpg,3,usable,unusable,0.4961
Duodenum_CD44_Female_48_75.jpg,3,unusable,unusable,0.3978
Duodenum_CD44_Male_63_1647.jpg,3,unusable,unusable,0.2604
Duodenum_CDC14A_Female_61_3614.jpg,3,unusable,unusable,0.2878
Duodenum_CDCA2_Female_61_3614.jpg,3,unusable,unusable,0.1156
Duodenum_CDKL1_Female_67_3479.jpg,3,usable,usable,0.8533
Duodenum_CDX1_Female_67_3479.jpg,3,unusable,usable,0.7353
Duodenum_CDYL_Female_67_3479.jpg,3,usable,usable,0.7470
Duodenum_CHAT_Female_61_3614.jpg,3,unusable,unusable,0.1213
Duodenum_CHCHD3_Female_67_3479.jpg,3,usable,usable,0.8685
Duodenum_CHGA_Male_63_1647.jpg,3,unusable,unusable,0.1202
Duodenum_CHMP4A_Female_67_3479.jpg,3,usable,usable,0.8136
Duodenum_CIR1_Female_67_3479.jpg,3,usable,usable,0.7147
Duodenum_CKAP4_Male_79_2650.jpg,3,usable,usable,0.9748
Duodenum_CLASP1_Female_67_3479.jpg,3,usable,usable,0.9344
Duodenum_CLPTM1_Female_61_3614.jpg,3,unusable,unusable,0.2278
Duodenum_CLU_Female_48_75.jpg,3,usable,unusable,0.2099
Duodenum_CNOT11_Female_61_3614.jpg,3,unusable,unusable,0.2672
Duodenum_COL18A1_Female_61_3614.jpg,3,unusable,usable,0.7096
Duodenum_COQ10B_Female_67_3479.jpg,3,usable,unusable,0.2715
Duodenum_COQ6_Female_67_3479.jpg,3,unusable,unusable,0.3963
Duodenum_COX17_Female_67_3479.jpg,3,usable,usable,0.7531
Duodenum_CPNE6_Female_61_3614.jpg,3,unusable,unusable,0.1234
Duodenum_CTNNB1_Male_79_2650.jpg,3,unusable,unusable,0.2338
Duodenum_CTSH_Male_79_2650.jpg,3,usable,usable,0.9469
Duodenum_CTSS_Male_84_139.jpg,3,usable,unusable,0.3276
Duodenum_CYB5B_Female_67_3479.jpg,3,unusable,unusable,0.0753
Duodenum_CYB5RL_Female_67_3479.jpg,3,unusable,unusable,0.3621
Duodenum_CYP2R1_Female_67_3479.jpg,3,unusable,unusable,0.4667
Duodenum_CYP4F3_Female_67_3479.jpg,3,usable,usable,0.9960
Duodenum_DCHS1_Female_67_3479.jpg,3,unusable,usable,0.5321
Duodenum_DDX28_Female_67_3479.jpg,3,usable,usable,0.8658
Duodenum_DDX60_Female_67_3479.jpg,3,usable,unusable,0.4276
Duodenum_DEFA5_Female_67_3479.jpg,3,usable,usable,0.9135
Duodenum_DEFA6_Female_67_3479.jpg,3,usable,usable,0.9826
Duodenum_DHDH_Female_67_3479.jpg,3,usable,usable,0.9872
Duodenum_DHRS1_Female_48_75.jpg,3,unusable,unusable,0.3149
Duodenum_DKC1_Male_63_1647.jpg,3,unusable,unusable,0.1450
Duodenum_DLGAP4_Female_67_3479.jpg,3,usable,usable,0.7275
Duodenum_DSTYK_Female_67_3479.jpg,3,usable,usable,0.5231
Duodenum_DTNB_Female_67_3479.jpg,3,usable,usable,0.9747
Duodenum_DTWD1_Female_67_3479.jpg,3,usable,usable,0.8225
Duodenum_E4F1_Female_61_3614.jpg,3,unusable,unusable,0.4070
Duodenum_EFHD2_Female_67_3479.jpg,3,usable,usable,0.6904
Duodenum_EID1_Female_67_3479.jpg,3,unusable,unusable,0.3483
Duodenum_EIF1AD_Female_67_3479.jpg,3,usable,usable,0.8797
Duodenum_EIF3CL_Female_67_3479.jpg,3,usable,usable,0.5378
Duodenum_EIF3F_Female_67_3479.jpg,3,usable,usable,0.6426
Duodenum_EIF5_Male_63_1647.jpg,3,unusable,unusable,0.2517
Duodenum_ELOB_Female_67_3479.jpg,3,unusable,unusable,0.1354
Duodenum_EMC8_Female_67_3479.jpg,3,usable,usable,0.6670
Duodenum_EMC9_Female_61_3614.jpg,3,unusable,unusable,0.1716
Duodenum_EMID1_Female_48_75.jpg,3,unusable,unusable,0.2319
Duodenum_ENSG00000111780_Female_67_3479.jpg,3,usable,usable,0.9498
Duodenum_ENSG00000285304_Female_48_75.jpg,3,usable,usable,0.5198
Duodenum_ERCC5_Female_67_3479.jpg,3,usable,usable,0.8936
Duodenum_ERN2_Female_67_3479.jpg,3,unusable,unusable,0.1681
Duodenum_EXOC3L2_Female_61_3614.jpg,3,unusable,unusable,0.4543
Duodenum_EXOC5_Female_67_3479.jpg,3,usable,usable,0.9636
Duodenum_FANCE_Female_67_3479.jpg,3,usable,usable,0.9745
Duodenum_FASTKD3_Female_67_3479.jpg,3,usable,usable,0.6810
Duodenum_FBXO16_Female_61_3614.jpg,3,unusable,unusable,0.1771
Duodenum_FER1L6_Female_61_3614.jpg,3,unusable,unusable,0.1384
Duodenum_FLRT3_Female_67_3479.jpg,3,usable,usable,0.9716
Duodenum_FRG1_Female_61_3614.jpg,3,unusable,unusable,0.1624
Duodenum_FXR1_Female_61_3614.jpg,3,unusable,unusable,0.1918
Duodenum_GALK2_Female_67_3479.jpg,3,unusable,usable,0.5675
Duodenum_GALNT12_Female_67_3479.jpg,3,unusable,unusable,0.2458
Duodenum_GDPD5_Female_67_3479.jpg,3,usable,usable,0.9661
Duodenum_GIPC2_Female_67_3479.jpg,3,usable,usable,0.9614
Duodenum_GJA4_Female_67_3479.jpg,3,usable,usable,0.9524
Duodenum_GLP2R_Female_67_3479.jpg,3,usable,usable,0.9598
Duodenum_GNAT3_Female_67_3479.jpg,3,usable,unusable,0.3229
Duodenum_GPKOW_Female_48_75.jpg,3,usable,unusable,0.2471
Duodenum_GPKOW_Male_63_1647.jpg,3,unusable,unusable,0.1488
Duodenum_GRK3_Female_48_75.jpg,3,usable,unusable,0.4872
Duodenum_GTF2B_Female_67_3479.jpg,3,usable,usable,0.8730
Duodenum_H1-0_Male_63_1647.jpg,3,unusable,unusable,0.3079
Duodenum_H2BC6_Female_67_3479.jpg,3,usable,usable,0.9132
Duodenum_H2BC9_Female_67_3479.jpg,3,usable,usable,0.9132
Duodenum_H4C11_Female_67_3479.jpg,3,usable,usable,0.9821
Duodenum_H4C4_Female_67_3479.jpg,3,usable,usable,0.9821
Duodenum_H4C9_Female_67_3479.jpg,3,usable,usable,0.9821
Duodenum_HID1_Female_61_3614.jpg,3,unusable,unusable,0.1726
Duodenum_HIVEP1_Female_67_3479.jpg,3,usable,usable,0.5847
Duodenum_HKDC1_Female_61_3614.jpg,3,unusable,unusable,0.1335
Duodenum_HMGA1_Female_61_3614.jpg,3,unusable,unusable,0.1449
Duodenum_HMGN5_Male_63_1647.jpg,3,unusable,unusable,0.1021
Duodenum_HOPX_Female_67_3479.jpg,3,usable,usable,0.9186
Duodenum_HSPA9_Male_63_1647.jpg,3,unusable,unusable,0.1085
Duodenum_HTATSF1_Male_63_1647.jpg,3,unusable,unusable,0.2282
Duodenum_HTD2_Female_67_3479.jpg,3,usable,unusable,0.4302
Duodenum_IDS_Female_67_3479.jpg,3,usable,unusable,0.3126
Duodenum_IFI35_Female_67_3479.jpg,3,usable,usable,0.9068
Duodenum_IGBP1_Female_48_75.jpg,3,unusable,unusable,0.1686
Small_intestine_AACS_Male_26_3472.jpg,3,usable,unusable,0.4458
Small_intestine_ABCG2_Male_26_3472.jpg,3,usable,usable,0.7960
Small_intestine_ACACA_Male_26_3472.jpg,3,usable,usable,0.9370
Small_intestine_ACSL5_Male_26_3472.jpg,3,usable,usable,0.9570
Small_intestine_AGTPBP1_Male_26_3472.jpg,3,usable,usable,0.8055
Small_intestine_AK5_Male_26_3472.jpg,3,usable,usable,0.9242
Small_intestine_ALDOB_Male_79_2650.jpg,3,usable,usable,0.9385
Small_intestine_ALG1_Male_26_3472.jpg,3,usable,usable,0.8350
Small_intestine_ALPG_Male_26_3472.jpg,3,usable,usable,0.7621
Small_intestine_ALPI_Male_26_3472.jpg,3,usable,usable,0.7621
Small_intestine_ALPP_Male_26_3472.jpg,3,usable,usable,0.7621
Small_intestine_ANLN_Male_26_3472.jpg,3,usable,usable,0.9504
Small_intestine_ARFIP1_Male_26_3472.jpg,3,usable,usable,0.8986
Small_intestine_CALR_Male_79_2650.jpg,3,usable,usable,0.9535
Small_intestine_CASK_Male_79_2650.jpg,3,usable,usable,0.8337
Small_intestine_CTNNB1_Male_79_2650.jpg,3,usable,usable,0.9405
Small_intestine_GIPC2_Male_70_1919.jpg,3,usable,usable,0.6247
Duodenum_AAAS_Male_35_3219.jpg,4,usable,usable,0.9892
Duodenum_AAGAB_Female_62_3515.jpg,4,usable,usable,0.9623
Duodenum_ABHD10_Male_35_3219.jpg,4,usable,unusable,0.1984
Duodenum_ABHD17C_Female_62_3515.jpg,4,usable,usable,0.7796
Duodenum_ACOT2_Female_62_3515.jpg,4,usable,usable,0.9854
Duodenum_ADGRG1_Male_35_3219.jpg,4,usable,unusable,0.4943
Duodenum_AK5_Female_62_3515.jpg,4,usable,usable,0.9958
Duodenum_ALDOB_Male_73_1420.jpg,4,usable,unusable,0.3078
Duodenum_ANAPC16_Male_35_3219.jpg,4,usable,usable,0.6699
Duodenum_ANKRD12_Male_35_3219.jpg,4,usable,usable,0.8570
Duodenum_APBA2_Male_35_3219.jpg,4,usable,usable,0.6187
Duodenum_APLP2_Male_35_3219.jpg,4,usable,usable,0.6796
Duodenum_APPBP2_Female_62_3515.jpg,4,usable,usable,0.9850
Duodenum_ARL16_Female_62_3515.jpg,4,usable,usable,0.9633
Duodenum_ARL6IP1_Female_62_3515.jpg,4,usable,usable,0.8713
Duodenum_ATAD2_Male_35_3219.jpg,4,usable,usable,0.6307
Duodenum_ATP5PD_Female_62_3515.jpg,4,usable,usable,0.9921
Duodenum_ATP8B4_Male_35_3219.jpg,4,usable,usable,0.8069
Duodenum_AZIN1_Male_35_3219.jpg,4,unusable,unusable,0.3182
Duodenum_BBS4_Female_62_3515.jpg,4,usable,usable,0.9628
Duodenum_BBS4_Male_35_3219.jpg,4,usable,usable,0.8930
Duodenum_BCL2L2_Male_35_3219.jpg,4,usable,usable,0.9931
Duodenum_BCS1L_Male_35_3219.jpg,4,usable,usable,0.9909
Duodenum_BDH1_Male_35_3219.jpg,4,usable,usable,0.9755
Duodenum_BICRA_Male_35_3219.jpg,4,unusable,usable,0.5260
Duodenum_BLOC1S6_Male_35_3219.jpg,4,usable,unusable,0.4621
Duodenum_BUD13_Female_62_3515.jpg,4,usable,usable,0.9714
Duodenum_BUD13_Male_35_3219.jpg,4,usable,usable,0.5993
Duodenum_C17orf67_Male_35_3219.jpg,4,usable,usable,0.7634
Duodenum_C18orf32_Male_35_3219.jpg,4,usable,unusable,0.2702
Duodenum_C19orf47_Male_35_3219.jpg,4,usable,usable,0.9328
Duodenum_C1orf35_Female_62_3515.jpg,4,usable,usable,0.8304
Duodenum_C2CD3_Female_62_3515.jpg,4,unusable,usable,0.5020
Duodenum_CALR_Male_73_1420.jpg,4,usable,usable,0.5560
Duodenum_CAPN9_Female_62_3515.jpg,4,usable,usable,0.8790
Duodenum_CASK_Male_73_1420.jpg,4,usable,usable,0.8242
Duodenum_CASP4_Male_35_3219.jpg,4,usable,usable,0.8543
Duodenum_CCDC102B_Male_35_3219.jpg,4,unusable,unusable,0.4873
Duodenum_CCDC122_Male_35_3219.jpg,4,usable,unusable,0.4583
Duodenum_CCDC125_Male_35_3219.jpg,4,usable,usable,0.8893
Duodenum_CDAN1_Male_35_3219.jpg,4,usable,unusable,0.4194
Duodenum_CDC42EP3_Male_35_3219.jpg,4,usable,usable,0.8964
Duodenum_CDO1_Female_62_3515.jpg,4,usable,usable,0.9505
Duodenum_CDS1_Male_35_3219.jpg,4,usable,usable,0.6671
Duodenum_CEP295_Male_35_3219.jpg,4,unusable,unusable,0.3752
Duodenum_CEP70_Male_35_3219.jpg,4,usable,usable,0.6592
Duodenum_CHCHD1_Male_35_3219.jpg,4,usable,usable,0.9206
Duodenum_CHCHD2_Female_62_3515.jpg,4,usable,usable,0.5157
Duodenum_CHCHD2_Male_35_3219.jpg,4,unusable,usable,0.7037
Duodenum_CHGA_Female_43_148.jpg,4,usable,usable,0.8330
Duodenum_CHTOP_Female_62_3515.jpg,4,usable,unusable,0.4366
Duodenum_CHTOP_Male_35_3219.jpg,4,unusable,unusable,0.3570
Duodenum_CISH_Male_35_3219.jpg,4,usable,usable,0.8255
Duodenum_CKAP2L_Male_35_3219.jpg,4,usable,usable,0.9918
Duodenum_CLIC1_Male_35_3219.jpg,4,usable,usable,0.5454
Duodenum_CLYBL_Male_35_3219.jpg,4,usable,usable,0.5304
Duodenum_COPG1_Male_35_3219.jpg,4,usable,usable,0.8482
Duodenum_COPS4_Male_35_3219.jpg,4,usable,usable,0.6237
Duodenum_CORO1C_Male_35_3219.jpg,4,usable,usable,0.7812
Duodenum_CORO2A_Male_35_3219.jpg,4,usable,usable,0.9108
Duodenum_CORO7_Male_35_3219.jpg,4,usable,usable,0.8848
Duodenum_CPLANE1_Male_35_3219.jpg,4,usable,usable,0.7426
Duodenum_CPSF6_Female_62_3515.jpg,4,usable,unusable,0.1963
Duodenum_CPSF7_Male_35_3219.jpg,4,usable,usable,0.9173
Duodenum_CREBL2_Male_35_3219.jpg,4,usable,usable,0.8802
Duodenum_CRTAP_Male_35_3219.jpg,4,usable,usable,0.9049
Duodenum_CRY2_Male_35_3219.jpg,4,usable,usable,0.6390
Duodenum_CSTF3_Male_35_3219.jpg,4,usable,usable,0.9832
Duodenum_CTNNB1_Male_73_1420.jpg,4,usable,unusable,0.3939
Duodenum_CTSS_Male_73_1420.jpg,4,usable,unusable,0.0599
Duodenum_DELE1_Male_35_3219.jpg,4,usable,usable,0.6491
Duodenum_DENND2D_Male_35_3219.jpg,4,usable,usable,0.7357
Duodenum_DEXI_Male_35_3219.jpg,4,usable,usable,0.6746
Duodenum_DHX29_Male_35_3219.jpg,4,usable,unusable,0.4005
Duodenum_DKC1_Female_43_148.jpg,4,unusable,usable,0.9781
Duodenum_DMBT1_Female_62_3515.jpg,4,usable,usable,0.9437
Duodenum_DNAJC9_Female_62_3515.jpg,4,usable,usable,0.9540
Duodenum_DPEP2_Male_35_3219.jpg,4,usable,unusable,0.5000
Duodenum_DYNC2H1_Male_35_3219.jpg,4,usable,unusable,0.4882
Duodenum_EDEM2_Male_35_3219.jpg,4,usable,usable,0.8522
Duodenum_EEF1D_Female_62_3515.jpg,4,usable,usable,0.9479
Duodenum_EIF3I_Female_62_3515.jpg,4,usable,usable,0.5457
Duodenum_EIF6_Male_35_3219.jpg,4,usable,usable,0.9412
Duodenum_ELAPOR1_Male_35_3219.jpg,4,usable,usable,0.7438
Duodenum_ELOVL7_Female_62_3515.jpg,4,usable,usable,0.8621
Duodenum_EMC3_Male_35_3219.jpg,4,usable,usable,0.9455
Duodenum_ENSG00000131152_Female_62_3515.jpg,4,usable,usable,0.9966
Duodenum_FAHD2A_Male_35_3219.jpg,4,usable,usable,0.9640
Duodenum_FAM104B_Female_62_3515.jpg,4,unusable,unusable,0.0834
Duodenum_FBXW5_Female_62_3515.jpg,4,usable,usable,0.9825
Duodenum_FBXW7_Female_62_3515.jpg,4,usable,usable,0.5884
Duodenum_FGF19_Male_35_3219.jpg,4,usable,usable,0.7543
Duodenum_FHIP2B_Female_62_3515.jpg,4,usable,usable,0.9963
Duodenum_FLAD1_Male_35_3219.jpg,4,unusable,usable,0.5119
Duodenum_FLVCR2_Male_35_3219.jpg,4,usable,usable,0.9144
Duodenum_FOCAD_Male_35_3219.jpg,4,usable,usable,0.6810
Duodenum_FOXK2_Male_35_3219.jpg,4,usable,usable,0.9718
Duodenum_GABARAPL2_Female_62_3515.jpg,4,usable,usable,0.9412
Duodenum_GBP2_Male_35_3219.jpg,4,usable,unusable,0.2083
Duodenum_GID8_Female_62_3515.jpg,4,usable,usable,0.9403
Duodenum_GIMAP1_Female_62_3515.jpg,4,usable,usable,0.9090
Duodenum_GLMN_Male_35_3219.jpg,4,usable,usable,0.9154
Duodenum_GMCL2_Male_35_3219.jpg,4,usable,usable,0.8735
Duodenum_GMEB1_Male_35_3219.jpg,4,usable,usable,0.7195
Duodenum_GOLGA8A_Male_35_3219.jpg,4,usable,usable,0.6158
Duodenum_GORASP1_Male_35_3219.jpg,4,usable,usable,0.9906
Duodenum_GPBP1_Female_62_3515.jpg,4,usable,usable,0.9865
Duodenum_GPN3_Male_35_3219.jpg,4,usable,usable,0.9848
Duodenum_GPR155_Male_35_3219.jpg,4,usable,usable,0.5795
Duodenum_GTF2IRD1_Male_35_3219.jpg,4,usable,unusable,0.4788
Duodenum_GTPBP1_Male_35_3219.jpg,4,usable,usable,0.8529
Duodenum_H3C11_Female_62_3515.jpg,4,usable,usable,0.8806
Duodenum_H3C12_Female_62_3515.jpg,4,usable,usable,0.8806
Duodenum_H3C13_Female_62_3515.jpg,4,usable,usable,0.8806
Duodenum_H3C15_Female_62_3515.jpg,4,usable,usable,0.8806
Duodenum_H3C4_Female_62_3515.jpg,4,usable,usable,0.8806
Duodenum_HADH_Male_35_3219.jpg,4,unusable,unusable,0.0830
Duodenum_HAUS8_Male_35_3219.jpg,4,usable,usable,0.6694
Duodenum_HDAC9_Male_35_3219.jpg,4,usable,usable,0.7989
Duodenum_HDHD2_Male_35_3219.jpg,4,usable,usable,0.9007
Duodenum_HEY2_Male_35_3219.jpg,4,usable,unusable,0.1663
Duodenum_HIGD2A_Male_35_3219.jpg,4,unusable,unusable,0.0560
Duodenum_HIRA_Female_62_3515.jpg,4,usable,usable,0.9792
Duodenum_HNRNPA1_Male_35_3219.jpg,4,usable,unusable,0.2667
Duodenum_HSD11B2_Male_35_3219.jpg,4,usable,usable,0.9011
Duodenum_HSPE1-MOB4_Male_35_3219.jpg,4,usable,unusable,0.4261
Duodenum_IFT22_Male_35_3219.jpg,4,usable,usable,0.8712
Duodenum_INTS10_Male_35_3219.jpg,4,usable,usable,0.8944
Duodenum_IRF2BP2_Male_35_3219.jpg,4,usable,unusable,0.2315
Duodenum_ISCA2_Male_35_3219.jpg,4,usable,usable,0.9615
Duodenum_KTN1_Male_73_1420.jpg,4,usable,unusable,0.3216
Duodenum_MGAM_Male_73_1420.jpg,4,usable,unusable,0.3242
Duodenum_SAFB_Male_73_1420.jpg,4,usable,usable,0.5450
Small_intestine_AATF_Male_71_2411.jpg,4,usable,usable,0.9391
Small_intestine_ABCD3_Female_90_4380.jpg,4,unusable,usable,0.8967
Small_intestine_ABHD2_Male_71_2411.jpg,4,usable,usable,0.9363
Small_intestine_ACADM_Male_71_2411.jpg,4,usable,usable,0.7913
Small_intestine_ACAT1_Male_71_2411.jpg,4,usable,usable,0.8503
Small_intestine_ACBD5_Male_71_2411.jpg,4,usable,usable,0.9415
Small_intestine_ACE_Male_71_2411.jpg,4,usable,usable,0.7297
Small_intestine_ACO2_Male_71_2411.jpg,4,usable,unusable,0.4687
Small_intestine_ACSL1_Male_71_2411.jpg,4,usable,usable,0.5883
Small_intestine_ACSL5_Male_71_2411.jpg,4,usable,unusable,0.2487
Small_intestine_ACSL6_Female_90_4380.jpg,4,usable,usable,0.9559
Small_intestine_ACTA1_Female_69_133.jpg,4,usable,usable,0.9621
Small_intestine_ACTA2_Male_71_2411.jpg,4,usable,usable,0.9328
Small_intestine_ACTB_Male_71_2411.jpg,4,usable,usable,0.7915
Small_intestine_ACTN1_Male_71_2411.jpg,4,usable,usable,0.9902
Small_intestine_ADH6_Female_90_4380.jpg,4,usable,usable,0.9820
Small_intestine_ADORA2A_Female_90_4380.jpg,4,unusable,unusable,0.0971
Small_intestine_AK5_Female_90_4380.jpg,4,usable,usable,0.9855
Small_intestine_ALDH1B1_Female_90_4380.jpg,4,usable,unusable,0.4676
Small_intestine_ARHGAP8_Female_90_4380.jpg,4,unusable,usable,0.9464
Small_intestine_B4GALT7_Female_90_4380.jpg,4,usable,usable,0.9903
Small_intestine_CAB39L_Female_90_4380.jpg,4,unusable,usable,0.6343
Small_intestine_CBR1_Female_90_4380.jpg,4,unusable,usable,0.9383
Small_intestine_CD44_Female_69_133.jpg,4,usable,usable,0.8919
Small_intestine_CDCA5_Female_90_4380.jpg,4,usable,usable,0.9093
Small_intestine_CDS1_Female_90_4380.jpg,4,unusable,usable,0.6812
Small_intestine_CHGA_Female_69_133.jpg,4,usable,usable,0.9896
Small_intestine_CKAP4_Female_69_133.jpg,4,usable,usable,0.7567
Small_intestine_DKC1_Female_69_133.jpg,4,usable,usable,0.9827
Small_intestine_ENSG00000285304_Female_69_133.jpg,4,unusable,unusable,0.3013
Small_intestine_KDM6A_Female_69_133.jpg,4,unusable,unusable,0.1310
Small_intestine_KRT18_Female_69_133.jpg,4,usable,usable,0.9932
Small_intestine_KRT19_Female_69_133.jpg,4,usable,usable,0.9989
Small_intestine_KRT20_Female_69_133.jpg,4,usable,usable,0.9931
Small_intestine_LYZ_Female_69_133.jpg,4,usable,usable,0.9694
Small_intestine_MAX_Female_69_133.jpg,4,usable,usable,0.7213
Duodenum_AACS_Male_59_1961.jpg,5,usable,usable,0.7834
Duodenum_ABCG4_Male_59_1961.jpg,5,usable,usable,0.9840
Duodenum_ABI3_Male_59_1961.jpg,5,usable,usable,0.9743
Duodenum_ACAT1_Male_66_2329.jpg,5,usable,usable,0.9528
Duodenum_ACBD5_Male_66_2329.jpg,5,usable,usable,0.9102
Duodenum_ACSM2B_Male_59_1961.jpg,5,usable,usable,0.9399
Duodenum_ADH6_Male_59_1961.jpg,5,unusable,unusable,0.0647
Duodenum_ADORA2A_Male_59_1961.jpg,5,usable,usable,0.8665
Duodenum_AIP_Male_59_1961.jpg,5,usable,unusable,0.1866
Duodenum_AKAP8_Male_59_1961.jpg,5,unusable,unusable,0.0906
Duodenum_AKR1B10_Male_59_1961.jpg,5,usable,unusable,0.0909
Duodenum_ALKBH5_Male_66_2329.jpg,5,unusable,usable,0.5830
Duodenum_ANLN_Male_59_1961.jpg,5,usable,unusable,0.1077
Duodenum_ANPEP_Male_66_2329.jpg,5,usable,usable,0.9249
Duodenum_ANXA13_Male_59_1961.jpg,5,usable,unusable,0.1886
Duodenum_APC_Male_59_1961.jpg,5,usable,usable,0.6875
Duodenum_APTX_Male_59_1961.jpg,5,usable,usable,0.9734
Duodenum_AQP10_Male_59_1961.jpg,5,usable,usable,0.7957
Duodenum_AQP3_Male_59_1961.jpg,5,usable,unusable,0.4419
Duodenum_ARAF_Male_59_1961.jpg,5,usable,usable,0.7927
Duodenum_ARHGAP8_Male_59_1961.jpg,5,unusable,unusable,0.1416
Duodenum_ARIH1_Male_66_2329.jpg,5,usable,unusable,0.3216
Duodenum_ATAD3A_Male_59_1961.jpg,5,unusable,unusable,0.0404
Duodenum_ATAD3B_Male_59_1961.jpg,5,unusable,unusable,0.0404
Duodenum_ATM_Male_66_2329.jpg,5,unusable,unusable,0.3876
Duodenum_ATXN7L3_Male_59_1961.jpg,5,unusable,unusable,0.0745
Duodenum_BAK1_Male_66_2329.jpg,5,usable,usable,0.9011
Duodenum_BBS12_Male_59_1961.jpg,5,usable,unusable,0.0440
Duodenum_BCO2_Male_59_1961.jpg,5,usable,usable,0.9961
Duodenum_BIRC3_Male_66_2329.jpg,5,unusable,unusable,0.1055
Duodenum_BLM_Male_66_2329.jpg,5,unusable,unusable,0.1120
Duodenum_BTBD1_Male_59_1961.jpg,5,usable,unusable,0.1237
Duodenum_CAB39L_Male_66_2329.jpg,5,usable,usable,0.9075
Duodenum_CALR_Male_66_2329.jpg,5,unusable,unusable,0.2692
Duodenum_CARD6_Male_59_1961.jpg,5,usable,usable,0.8415
Duodenum_CASP6_Male_66_2329.jpg,5,usable,usable,0.8396
Duodenum_CBFA2T3_Male_59_1961.jpg,5,usable,usable,0.6912
Duodenum_CCNA2_Male_59_1961.jpg,5,usable,usable,0.6825
Duodenum_CDC14A_Male_59_1961.jpg,5,usable,usable,0.8901
Duodenum_CDC25C_Male_66_2329.jpg,5,unusable,unusable,0.0424
Duodenum_CDCA2_Male_59_1961.jpg,5,usable,usable,0.9792
Duodenum_CDK16_Male_66_2329.jpg,5,unusable,unusable,0.3684
Duodenum_CDK5RAP2_Male_59_1961.jpg,5,usable,usable,0.6207
Duodenum_CDK6_Male_66_2329.jpg,5,usable,usable,0.6179
Duodenum_CDKL1_Male_59_1961.jpg,5,usable,unusable,0.3172
Duodenum_CDKL5_Male_66_2329.jpg,5,usable,usable,0.9938
Duodenum_CDKN2C_Male_66_2329.jpg,5,usable,usable,0.9890
Duodenum_CES1_Male_59_1961.jpg,5,usable,unusable,0.2748
Duodenum_CES2_Male_59_1961.jpg,5,unusable,unusable,0.1019
Duodenum_CHAT_Male_59_1961.jpg,5,usable,usable,0.8760
Duodenum_CHGB_Male_59_1961.jpg,5,usable,usable,0.9696
Duodenum_CHMP4A_Male_59_1961.jpg,5,unusable,unusable,0.4881
Duodenum_CHUK_Male_66_2329.jpg,5,unusable,unusable,0.1203
Duodenum_CISD1_Male_59_1961.jpg,5,unusable,unusable,0.1626
Duodenum_CLDN4_Male_66_2329.jpg,5,unusable,unusable,0.2750
Duodenum_CMIP_Male_59_1961.jpg,5,usable,usable,0.8920
Duodenum_CMTM3_Male_59_1961.jpg,5,usable,unusable,0.2542
Duodenum_COPS5_Male_66_2329.jpg,5,usable,usable,0.7223
Duodenum_COX4I1_Male_66_2329.jpg,5,usable,unusable,0.4452
Duodenum_CREB1_Male_66_2329.jpg,5,usable,unusable,0.4497
Duodenum_CRKL_Male_66_2329.jpg,5,unusable,unusable,0.4036
Duodenum_CTCF_Male_66_2329.jpg,5,usable,unusable,0.3746
Duodenum_CTNNB1_Male_66_2329.jpg,5,unusable,unusable,0.1203
Duodenum_CTNNBIP1_Male_59_1961.jpg,5,usable,usable,0.9740
Duodenum_CYB5B_Male_59_1961.jpg,5,usable,unusable,0.4092
Duodenum_CYP2S1_Male_59_1961.jpg,5,usable,usable,0.9439
Duodenum_DNAJC25_Male_59_1961.jpg,5,usable,usable,0.7004
Duodenum_DPEP1_Male_59_1961.jpg,5,unusable,unusable,0.0381
Duodenum_EAF1_Male_59_1961.jpg,5,unusable,unusable,0.1094
Duodenum_ECD_Male_66_2329.jpg,5,usable,usable,0.8189
Duodenum_EIF2AK2_Male_66_2329.jpg,5,usable,unusable,0.1687
Duodenum_EIF2B2_Male_66_2329.jpg,5,usable,usable,0.9244
Duodenum_EIF4EBP1_Male_66_2329.jpg,5,unusable,unusable,0.2067
Duodenum_ELF2_Male_66_2329.jpg,5,usable,unusable,0.4841
Duodenum_ENPEP_Male_66_2329.jpg,5,usable,unusable,0.4446
Duodenum_ENTPD6_Male_59_1961.jpg,5,usable,unusable,0.3038
Duodenum_EPCAM_Male_66_2329.jpg,5,usable,usable,0.5649
Duodenum_EPS8_Male_66_2329.jpg,5,usable,unusable,0.4016
Duodenum_ERH_Male_66_2329.jpg,5,usable,usable,0.9269
Duodenum_EXOC3L2_Male_59_1961.jpg,5,usable,usable,0.8781
Duodenum_EXOC5_Male_59_1961.jpg,5,usable,usable,0.9887
Duodenum_FAM234A_Male_59_1961.jpg,5,unusable,unusable,0.0726
Duodenum_FANCE_Male_59_1961.jpg,5,usable,usable,0.7612
Duodenum_FASTKD3_Male_59_1961.jpg,5,usable,usable,0.6494
Duodenum_FBH1_Male_66_2329.jpg,5,usable,usable,0.9841
Duodenum_FBXW2_Male_59_1961.jpg,5,usable,unusable,0.4097
Duodenum_FCGBP_Male_66_2329.jpg,5,usable,unusable,0.3778
Duodenum_FOLH1_Male_66_2329.jpg,5,unusable,usable,0.7576
Duodenum_FOSL2_Male_66_2329.jpg,5,usable,usable,0.9403
Duodenum_FRG1_Male_59_1961.jpg,5,usable,usable,0.9417
Duodenum_FXR1_Male_59_1961.jpg,5,usable,unusable,0.1986
Duodenum_GALNT7_Male_59_1961.jpg,5,usable,usable,0.9681
Duodenum_GDPD5_Male_59_1961.jpg,5,usable,usable,0.6744
Duodenum_GEMIN4_Male_59_1961.jpg,5,usable,unusable,0.2057
Duodenum_GLI2_Male_66_2329.jpg,5,usable,unusable,0.2104
Duodenum_GLOD5_Male_59_1961.jpg,5,usable,usable,0.9824
Duodenum_GNG12_Male_59_1961.jpg,5,unusable,unusable,0.0580
Duodenum_GOLGA5_Male_66_2329.jpg,5,usable,usable,0.9883
Duodenum_GPX2_Male_66_2329.jpg,5,usable,usable,0.8009
Duodenum_H6PD_Male_66_2329.jpg,5,usable,unusable,0.1244
Duodenum_HDAC4_Male_59_1961.jpg,5,usable,usable,0.5782
Duodenum_HKDC1_Male_59_1961.jpg,5,usable,usable,0.8712
Duodenum_HNF4A_Male_66_2329.jpg,5,usable,usable,0.9742
Duodenum_HNRNPA3_Male_66_2329.jpg,5,usable,usable,0.9895
Duodenum_HNRNPC_Male_66_2329.jpg,5,usable,usable,0.8789
Duodenum_HOPX_Male_59_1961.jpg,5,usable,unusable,0.0310
Duodenum_HPS1_Male_59_1961.jpg,5,usable,usable,0.9802
Duodenum_HSP90B1_Male_66_2329.jpg,5,usable,unusable,0.4793
Duodenum_HSPA5_Male_66_2329.jpg,5,unusable,unusable,0.1841
Duodenum_IFIH1_Male_66_2329.jpg,5,usable,usable,0.9807
Duodenum_IL18_Male_66_2329.jpg,5,usable,usable,0.6250
Duodenum_ILKAP_Male_66_2329.jpg,5,usable,usable,0.8996
Duodenum_ILVBL_Male_59_1961.jpg,5,usable,unusable,0.2696
Duodenum_IMPDH2_Male_66_2329.jpg,5,unusable,unusable,0.1370
Small_intestine_AASS_Female_84_2256.jpg,5,usable,usable,0.8573
Small_intestine_ABCA5_Female_84_2256.jpg,5,usable,usable,0.7066
Small_intestine_ABCD3_Male_66_4202.jpg,5,usable,usable,0.9950
Small_intestine_ABCE1_Female_84_2256.jpg,5,unusable,usable,0.7247
Small_intestine_ABCF1_Female_84_2256.jpg,5,usable,usable,0.5101
Small_intestine_ABCG8_Female_84_2256.jpg,5,usable,usable,0.5153
Small_intestine_ABHD8_Female_84_2256.jpg,5,usable,unusable,0.3058
Small_intestine_ACAD8_Male_68_2471.jpg,5,unusable,usable,0.8857
Small_intestine_ACAD9_Male_68_2471.jpg,5,usable,usable,0.8210
Small_intestine_ACADM_Female_84_2256.jpg,5,usable,usable,0.9494
Small_intestine_ACADSB_Female_84_2256.jpg,5,unusable,usable,0.6073
Small_intestine_ACADS_Female_84_2256.jpg,5,usable,usable,0.9219
Small_intestine_ACADVL_Female_84_2256.jpg,5,usable,usable,0.9474
Small_intestine_ACAP3_Male_68_2471.jpg,5,usable,usable,0.9007
Small_intestine_ACBD3_Female_84_2256.jpg,5,usable,usable,0.9089
Small_intestine_ACBD4_Male_68_2471.jpg,5,usable,usable,0.9436
Small_intestine_ACE2_Male_66_4202.jpg,5,usable,usable,0.9736
Small_intestine_ACO1_Female_84_2256.jpg,5,usable,usable,0.8261
Small_intestine_ACSL1_Male_66_4202.jpg,5,usable,usable,0.9951
Small_intestine_ACSL6_Male_66_4202.jpg,5,usable,usable,0.9667
Small_intestine_ACTA1_Male_68_2471.jpg,5,usable,usable,0.6166
Small_intestine_ACTA2_Female_51_202.jpg,5,unusable,usable,0.6402
Small_intestine_ACTA2_Male_68_2471.jpg,5,usable,usable,0.6166
Small_intestine_ACTBL2_Male_68_2471.jpg,5,usable,usable,0.6166
Small_intestine_ACTB_Male_68_2471.jpg,5,usable,usable,0.6166
Small_intestine_ACTC1_Male_68_2471.jpg,5,usable,usable,0.6166
Small_intestine_ACTG1_Male_68_2471.jpg,5,usable,usable,0.6166
Small_intestine_ACTG2_Male_68_2471.jpg,5,usable,usable,0.6166
Small_intestine_ADH6_Male_66_4202.jpg,5,usable,usable,0.9001
Small_intestine_ADM_Male_66_4202.jpg,5,usable,usable,0.9155
Small_intestine_ADNP_Male_41_2226.jpg,5,usable,usable,0.6998
Small_intestine_ADORA2A_Male_66_4202.jpg,5,usable,usable,0.9950
Small_intestine_ADPGK_Male_68_2471.jpg,5,usable,usable,0.9756
Small_intestine_ADSL_Female_51_202.jpg,5,usable,unusable,0.4049
Small_intestine_AGTPBP1_Male_66_4202.jpg,5,usable,usable,0.9611
Small_intestine_AK5_Male_66_4202.jpg,5,usable,usable,0.9784
Small_intestine_AK7_Male_41_2226.jpg,5,unusable,unusable,0.0841
Small_intestine_AKR1C1_Male_66_4202.jpg,5,usable,usable,0.9588
Small_intestine_AKR1C3_Male_66_4202.jpg,5,usable,usable,0.9588
Small_intestine_ALDH1B1_Male_66_4202.jpg,5,usable,usable,0.8011
Small_intestine_ALDOB_Female_51_202.jpg,5,usable,usable,0.7228
Small_intestine_AMN_Female_51_202.jpg,5,usable,usable,0.6944
Small_intestine_AQP1_Female_51_202.jpg,5,usable,usable,0.9554
Small_intestine_ARG2_Female_51_202.jpg,5,usable,usable,0.6337
Small_intestine_BCL2L2-PABPN1_Female_51_202.jpg,5,usable,unusable,0.4671
Small_intestine_CALR_Female_51_202.jpg,5,usable,usable,0.7765
Small_intestine_CASK_Female_51_202.jpg,5,usable,usable,0.8601
Small_intestine_CCNB1_Female_51_202.jpg,5,unusable,unusable,0.0146
Small_intestine_CCNG1_Female_51_202.jpg,5,usable,unusable,0.0218
Small_intestine_CHCHD10_Male_41_2226.jpg,5,unusable,unusable,0.1691
Small_intestine_CKAP4_Female_51_202.jpg,5,usable,usable,0.9894
Small_intestine_EPCAM_Male_41_2226.jpg,5,usable,usable,0.9156
Small_intestine_GPANK1_Male_41_2226.jpg,5,usable,unusable,0.3180
Small_intestine_ISY1-RAB43_Male_41_2226.jpg,5,unusable,unusable,0.2107
Small_intestine_ISY1_Male_41_2226.jpg,5,unusable,unusable,0.2107
