tile_id,tissue_fraction
Small_intestine_AGTPBP1_Female_44_1800__r0c0.jpg,0.0001
Small_intestine_AGTPBP1_Female_44_1800__r0c1.jpg,0.0000
Small_intestine_AGTPBP1_Female_44_1800__r0c2.jpg,0.0404
Small_intestine_AGTPBP1_Female_44_1800__r0c3.jpg,0.2200
Small_intestine_AGTPBP1_Female_44_1800__r0c4.jpg,0.3155
Small_intestine_AGTPBP1_Female_44_1800__r0c5.jpg,0.0852
Small_intestine_AGTPBP1_Female_44_1800__r0c6.jpg,0.0036
Small_intestine_AGTPBP1_Female_44_1800__r0c7.jpg,0.0002
Small_intestine_AGTPBP1_Female_44_1800__r1c0.jpg,0.0002
Small_intestine_AGTPBP1_Female_44_1800__r1c1.jpg,0.2416
Small_intestine_AGTPBP1_Female_44_1800__r1c2.jpg,0.7739
Small_intestine_AGTPBP1_Female_44_1800__r1c3.jpg,0.9021
Small_intestine_AGTPBP1_Female_44_1800__r1c4.jpg,0.9299
Small_intestine_AGTPBP1_Female_44_1800__r1c5.jpg,0.8515
Small_intestine_AGTPBP1_Female_44_1800__r1c6.jpg,0.2846
Small_intestine_AGTPBP1_Female_44_1800__r1c7.jpg,0.0000
Small_intestine_AGTPBP1_Female_44_1800__r2c0.jpg,0.0717
Small_intestine_AGTPBP1_Female_44_1800__r2c1.jpg,0.7918
Small_intestine_AGTPBP1_Female_44_1800__r2c2.jpg,0.8728
Small_intestine_AGTPBP1_Female_44_1800__r2c3.jpg,0.8853
Small_intestine_AGTPBP1_Female_44_1800__r2c4.jpg,0.9400
Small_intestine_AGTPBP1_Female_44_1800__r2c5.jpg,0.8882
Small_intestine_AGTPBP1_Female_44_1800__r2c6.jpg,0.8678
Small_intestine_AGTPBP1_Female_44_1800__r2c7.jpg,0.0906
Small_intestine_AGTPBP1_Female_44_1800__r3c0.jpg,0.3963
Small_intestine_AGTPBP1_Female_44_1800__r3c1.jpg,0.9344
Small_intestine_AGTPBP1_Female_44_1800__r3c2.jpg,0.9325
Small_intestine_AGTPBP1_Female_44_1800__r3c3.jpg,0.8835
Small_intestine_AGTPBP1_Female_44_1800__r3c4.jpg,0.9136
Small_intestine_AGTPBP1_Female_44_1800__r3c5.jpg,0.9131
Small_intestine_AGTPBP1_Female_44_1800__r3c6.jpg,0.9388
Small_intestine_AGTPBP1_Female_44_1800__r3c7.jpg,0.3198
Small_intestine_AGTPBP1_Female_44_1800__r4c0.jpg,0.4403
Small_intestine_AGTPBP1_Female_44_1800__r4c1.jpg,0.9456
Small_intestine_AGTPBP1_Female_44_1800__r4c2.jpg,0.9429
Small_intestine_AGTPBP1_Female_44_1800__r4c3.jpg,0.9498
Small_intestine_AGTPBP1_Female_44_1800__r4c4.jpg,0.9449
Small_intestine_AGTPBP1_Female_44_1800__r4c5.jpg,0.9087
Small_intestine_AGTPBP1_Female_44_1800__r4c6.jpg,0.8966
Small_intestine_AGTPBP1_Female_44_1800__r4c7.jpg,0.4038
Small_intestine_AGTPBP1_Female_44_1800__r5c0.jpg,0.1729
Small_intestine_AGTPBP1_Female_44_1800__r5c1.jpg,0.9060
Small_intestine_AGTPBP1_Female_44_1800__r5c2.jpg,0.9200
Small_intestine_AGTPBP1_Female_44_1800__r5c3.jpg,0.9059
Small_intestine_AGTPBP1_Female_44_1800__r5c4.jpg,0.9143
Small_intestine_AGTPBP1_Female_44_1800__r5c5.jpg,0.9436
Small_intestine_AGTPBP1_Female_44_1800__r5c6.jpg,0.9253
Small_intestine_AGTPBP1_Female_44_1800__r5c7.jpg,0.2031
Small_intestine_AGTPBP1_Female_44_1800__r6c0.jpg,0.0000
Small_intestine_AGTPBP1_Female_44_1800__r6c1.jpg,0.4165
Small_intestine_AGTPBP1_Female_44_1800__r6c2.jpg,0.9347
Small_intestine_AGTPBP1_Female_44_1800__r6c3.jpg,0.9223
Small_intestine_AGTPBP1_Female_44_1800__r6c4.jpg,0.9395
Small_intestine_AGTPBP1_Female_44_1800__r6c5.jpg,0.9272
Small_intestine_AGTPBP1_Female_44_1800__r6c6.jpg,0.4911
Small_intestine_AGTPBP1_Female_44_1800__r6c7.jpg,0.0004
Small_intestine_AGTPBP1_Female_44_1800__r7c0.jpg,0.0000
Small_intestine_AGTPBP1_Female_44_1800__r7c1.jpg,0.0001
Small_intestine_AGTPBP1_Female_44_1800__r7c2.jpg,0.1579
Small_intestine_AGTPBP1_Female_44_1800__r7c3.jpg,0.4344
Small_intestine_AGTPBP1_Female_44_1800__r7c4.jpg,0.4540
Small_intestine_AGTPBP1_Female_44_1800__r7c5.jpg,0.1769
Small_intestine_AGTPBP1_Female_44_1800__r7c6.jpg,0.0001
Small_intestine_AGTPBP1_Female_44_1800__r7c7.jpg,0.0004
Small_intestine_ACAA2_Female_64_2450__r0c0.jpg,0.0000
Small_intestine_ACAA2_Female_64_2450__r0c1.jpg,0.0000
Small_intestine_ACAA2_Female_64_2450__r0c2.jpg,0.1085
Small_intestine_ACAA2_Female_64_2450__r0c3.jpg,0.0797
Small_intestine_ACAA2_Female_64_2450__r0c4.jpg,0.0025
Small_intestine_ACAA2_Female_64_2450__r0c5.jpg,0.0000
Small_intestine_ACAA2_Female_64_2450__r0c6.jpg,0.0000
Small_intestine_ACAA2_Female_64_2450__r0c7.jpg,0.0000
Small_intestine_ACAA2_Female_64_2450__r1c0.jpg,0.0001
Small_intestine_ACAA2_Female_64_2450__r1c1.jpg,0.3037
Small_intestine_ACAA2_Female_64_2450__r1c2.jpg,0.7171
Small_intestine_ACAA2_Female_64_2450__r1c3.jpg,0.5086
Small_intestine_ACAA2_Female_64_2450__r1c4.jpg,0.0736
Small_intestine_ACAA2_Female_64_2450__r1c5.jpg,0.0947
Small_intestine_ACAA2_Female_64_2450__r1c6.jpg,0.0042
Small_intestine_ACAA2_Female_64_2450__r1c7.jpg,0.0000
Small_intestine_ACAA2_Female_64_2450__r2c0.jpg,0.0249
Small_intestine_ACAA2_Female_64_2450__r2c1.jpg,0.5758
Small_intestine_ACAA2_Female_64_2450__r2c2.jpg,0.6779
Small_intestine_ACAA2_Female_64_2450__r2c3.jpg,0.6563
Small_intestine_ACAA2_Female_64_2450__r2c4.jpg,0.1606
Small_intestine_ACAA2_Female_64_2450__r2c5.jpg,0.0880
Small_intestine_ACAA2_Female_64_2450__r2c6.jpg,0.0763
Small_intestine_ACAA2_Female_64_2450__r2c7.jpg,0.0001
Small_intestine_ACAA2_Female_64_2450__r3c0.jpg,0.0379
Small_intestine_ACAA2_Female_64_2450__r3c1.jpg,0.6195
Small_intestine_ACAA2_Female_64_2450__r3c2.jpg,0.5860
Small_intestine_ACAA2_Female_64_2450__r3c3.jpg,0.7128
Small_intestine_ACAA2_Female_64_2450__r3c4.jpg,0.4850
Small_intestine_ACAA2_Female_64_2450__r3c5.jpg,0.1373
Small_intestine_ACAA2_Female_64_2450__r3c6.jpg,0.0908
Small_intestine_ACAA2_Female_64_2450__r3c7.jpg,0.0084
Small_intestine_ACAA2_Female_64_2450__r4c0.jpg,0.0000
Small_intestine_ACAA2_Female_64_2450__r4c1.jpg,0.3009
Small_intestine_ACAA2_Female_64_2450__r4c2.jpg,0.6574
Small_intestine_ACAA2_Female_64_2450__r4c3.jpg,0.6849
Small_intestine_ACAA2_Female_64_2450__r4c4.jpg,0.7048
Small_intestine_ACAA2_Female_64_2450__r4c5.jpg,0.5983
Small_intestine_ACAA2_Female_64_2450__r4c6.jpg,0.4180
Small_intestine_ACAA2_Female_64_2450__r4c7.jpg,0.1245
Small_intestine_ACAA2_Female_64_2450__r5c0.jpg,0.0000
Small_intestine_ACAA2_Female_64_2450__r5c1.jpg,0.0032
Small_intestine_ACAA2_Female_64_2450__r5c2.jpg,0.3674
Small_intestine_ACAA2_Female_64_2450__r5c3.jpg,0.6090
Small_intestine_ACAA2_Female_64_2450__r5c4.jpg,0.7752
Small_intestine_ACAA2_Female_64_2450__r5c5.jpg,0.6797
Small_intestine_ACAA2_Female_64_2450__r5c6.jpg,0.6781
Small_intestine_ACAA2_Female_64_2450__r5c7.jpg,0.2216
Small_intestine_ACAA2_Female_64_2450__r6c0.jpg,0.0000
Small_intestine_ACAA2_Female_64_2450__r6c1.jpg,0.0003
Small_intestine_ACAA2_Female_64_2450__r6c2.jpg,0.0178
Small_intestine_ACAA2_Female_64_2450__r6c3.jpg,0.2983
Small_intestine_ACAA2_Female_64_2450__r6c4.jpg,0.6818
Small_intestine_ACAA2_Female_64_2450__r6c5.jpg,0.5792
Small_intestine_ACAA2_Female_64_2450__r6c6.jpg,0.3737
Small_intestine_ACAA2_Female_64_2450__r6c7.jpg,0.0025
Small_intestine_ACAA2_Female_64_2450__r7c0.jpg,0.0000
Small_intestine_ACAA2_Female_64_2450__r7c1.jpg,0.0000
Small_intestine_ACAA2_Female_64_2450__r7c2.jpg,0.0000
Small_intestine_ACAA2_Female_64_2450__r7c3.jpg,0.0000
Small_intestine_ACAA2_Female_64_2450__r7c4.jpg,0.1872
Small_intestine_ACAA2_Female_64_2450__r7c5.jpg,0.1452
Small_intestine_ACAA2_Female_64_2450__r7c6.jpg,0.0000
Small_intestine_ACAA2_Female_64_2450__r7c7.jpg,0.0001
Duodenum_ATP2B1_Female_53_3413__r0c0.jpg,0.0000
Duodenum_ATP2B1_Female_53_3413__r0c1.jpg,0.0001
Duodenum_ATP2B1_Female_53_3413__r0c2.jpg,0.0208
Duodenum_ATP2B1_Female_53_3413__r0c3.jpg,0.2528
Duodenum_ATP2B1_Female_53_3413__r0c4.jpg,0.3481
Duodenum_ATP2B1_Female_53_3413__r0c5.jpg,0.1022
Duodenum_ATP2B1_Female_53_3413__r0c6.jpg,0.0000
Duodenum_ATP2B1_Female_53_3413__r0c7.jpg,0.0000
Duodenum_ATP2B1_Female_53_3413__r1c0.jpg,0.0001
Duodenum_ATP2B1_Female_53_3413__r1c1.jpg,0.3215
Duodenum_ATP2B1_Female_53_3413__r1c2.jpg,0.7079
Duodenum_ATP2B1_Female_53_3413__r1c3.jpg,0.8329
Duodenum_ATP2B1_Female_53_3413__r1c4.jpg,0.9664
Duodenum_ATP2B1_Female_53_3413__r1c5.jpg,0.9300
Duodenum_ATP2B1_Female_53_3413__r1c6.jpg,0.2758
Duodenum_ATP2B1_Female_53_3413__r1c7.jpg,0.0000
Duodenum_ATP2B1_Female_53_3413__r2c0.jpg,0.0957
Duodenum_ATP2B1_Female_53_3413__r2c1.jpg,0.9309
Duodenum_ATP2B1_Female_53_3413__r2c2.jpg,0.7234
Duodenum_ATP2B1_Female_53_3413__r2c3.jpg,0.7828
Duodenum_ATP2B1_Female_53_3413__r2c4.jpg,0.9667
Duodenum_ATP2B1_Female_53_3413__r2c5.jpg,0.9667
Duodenum_ATP2B1_Female_53_3413__r2c6.jpg,0.8470
Duodenum_ATP2B1_Female_53_3413__r2c7.jpg,0.0601
Duodenum_ATP2B1_Female_53_3413__r3c0.jpg,0.3348
Duodenum_ATP2B1_Female_53_3413__r3c1.jpg,0.9688
Duodenum_ATP2B1_Female_53_3413__r3c2.jpg,0.7458
Duodenum_ATP2B1_Female_53_3413__r3c3.jpg,0.7215
Duodenum_ATP2B1_Female_53_3413__r3c4.jpg,0.9756
Duodenum_ATP2B1_Female_53_3413__r3c5.jpg,0.9754
Duodenum_ATP2B1_Female_53_3413__r3c6.jpg,0.9652
Duodenum_ATP2B1_Female_53_3413__r3c7.jpg,0.3194
Duodenum_ATP2B1_Female_53_3413__r4c0.jpg,0.3356
Duodenum_ATP2B1_Female_53_3413__r4c1.jpg,0.9597
Duodenum_ATP2B1_Female_53_3413__r4c2.jpg,0.8848
Duodenum_ATP2B1_Female_53_3413__r4c3.jpg,0.8035
Duodenum_ATP2B1_Female_53_3413__r4c4.jpg,0.9641
Duodenum_ATP2B1_Female_53_3413__r4c5.jpg,0.9730
Duodenum_ATP2B1_Female_53_3413__r4c6.jpg,0.9609
Duodenum_ATP2B1_Female_53_3413__r4c7.jpg,0.3099
Duodenum_ATP2B1_Female_53_3413__r5c0.jpg,0.0730
Duodenum_ATP2B1_Female_53_3413__r5c1.jpg,0.8770
Duodenum_ATP2B1_Female_53_3413__r5c2.jpg,0.8966
Duodenum_ATP2B1_Female_53_3413__r5c3.jpg,0.8934
Duodenum_ATP2B1_Female_53_3413__r5c4.jpg,0.9752
Duodenum_ATP2B1_Female_53_3413__r5c5.jpg,0.9773
Duodenum_ATP2B1_Female_53_3413__r5c6.jpg,0.9230
Duodenum_ATP2B1_Female_53_3413__r5c7.jpg,0.0692
Duodenum_ATP2B1_Female_53_3413__r6c0.jpg,0.0006
Duodenum_ATP2B1_Female_53_3413__r6c1.jpg,0.2593
Duodenum_ATP2B1_Female_53_3413__r6c2.jpg,0.8236
Duodenum_ATP2B1_Female_53_3413__r6c3.jpg,0.8752
Duodenum_ATP2B1_Female_53_3413__r6c4.jpg,0.9837
Duodenum_ATP2B1_Female_53_3413__r6c5.jpg,0.9611
Duodenum_ATP2B1_Female_53_3413__r6c6.jpg,0.3648
Duodenum_ATP2B1_Female_53_3413__r6c7.jpg,0.0000
Duodenum_ATP2B1_Female_53_3413__r7c0.jpg,0.0001
Duodenum_ATP2B1_Female_53_3413__r7c1.jpg,0.0000
Duodenum_ATP2B1_Female_53_3413__r7c2.jpg,0.0682
Duodenum_ATP2B1_Female_53_3413__r7c3.jpg,0.3322
Duodenum_ATP2B1_Female_53_3413__r7c4.jpg,0.3614
Duodenum_ATP2B1_Female_53_3413__r7c5.jpg,0.1091
Duodenum_ATP2B1_Female_53_3413__r7c6.jpg,0.0001
Duodenum_ATP2B1_Female_53_3413__r7c7.jpg,0.0001
Duodenum_ACVR2A_Male_55_1920__r0c0.jpg,0.0000
Duodenum_ACVR2A_Male_55_1920__r0c1.jpg,0.0003
Duodenum_ACVR2A_Male_55_1920__r0c2.jpg,0.0354
Duodenum_ACVR2A_Male_55_1920__r0c3.jpg,0.2238
Duodenum_ACVR2A_Male_55_1920__r0c4.jpg,0.2179
Duodenum_ACVR2A_Male_55_1920__r0c5.jpg,0.0018
Duodenum_ACVR2A_Male_55_1920__r0c6.jpg,0.0000
Duodenum_ACVR2A_Male_55_1920__r0c7.jpg,0.0000
Duodenum_ACVR2A_Male_55_1920__r1c0.jpg,0.0003
Duodenum_ACVR2A_Male_55_1920__r1c1.jpg,0.1646
Duodenum_ACVR2A_Male_55_1920__r1c2.jpg,0.8755
Duodenum_ACVR2A_Male_55_1920__r1c3.jpg,0.9549
Duodenum_ACVR2A_Male_55_1920__r1c4.jpg,0.7116
Duodenum_ACVR2A_Male_55_1920__r1c5.jpg,0.0416
Duodenum_ACVR2A_Male_55_1920__r1c6.jpg,0.0151
Duodenum_ACVR2A_Male_55_1920__r1c7.jpg,0.0000
Duodenum_ACVR2A_Male_55_1920__r2c0.jpg,0.0002
Duodenum_ACVR2A_Male_55_1920__r2c1.jpg,0.6616
Duodenum_ACVR2A_Male_55_1920__r2c2.jpg,0.8912
Duodenum_ACVR2A_Male_55_1920__r2c3.jpg,0.6052
Duodenum_ACVR2A_Male_55_1920__r2c4.jpg,0.3355
Duodenum_ACVR2A_Male_55_1920__r2c5.jpg,0.1782
Duodenum_ACVR2A_Male_55_1920__r2c6.jpg,0.1837
Duodenum_ACVR2A_Male_55_1920__r2c7.jpg,0.0001
Duodenum_ACVR2A_Male_55_1920__r3c0.jpg,0.0702
Duodenum_ACVR2A_Male_55_1920__r3c1.jpg,0.8906
Duodenum_ACVR2A_Male_55_1920__r3c2.jpg,0.8729
Duodenum_ACVR2A_Male_55_1920__r3c3.jpg,0.7333
Duodenum_ACVR2A_Male_55_1920__r3c4.jpg,0.5005
Duodenum_ACVR2A_Male_55_1920__r3c5.jpg,0.1369
Duodenum_ACVR2A_Male_55_1920__r3c6.jpg,0.4516
Duodenum_ACVR2A_Male_55_1920__r3c7.jpg,0.0153
Duodenum_ACVR2A_Male_55_1920__r4c0.jpg,0.0553
Duodenum_ACVR2A_Male_55_1920__r4c1.jpg,0.8948
Duodenum_ACVR2A_Male_55_1920__r4c2.jpg,0.6666
Duodenum_ACVR2A_Male_55_1920__r4c3.jpg,0.9327
Duodenum_ACVR2A_Male_55_1920__r4c4.jpg,0.6954
Duodenum_ACVR2A_Male_55_1920__r4c5.jpg,0.0396
Duodenum_ACVR2A_Male_55_1920__r4c6.jpg,0.5983
Duodenum_ACVR2A_Male_55_1920__r4c7.jpg,0.1361
Duodenum_ACVR2A_Male_55_1920__r5c0.jpg,0.0002
Duodenum_ACVR2A_Male_55_1920__r5c1.jpg,0.6674
Duodenum_ACVR2A_Male_55_1920__r5c2.jpg,0.8581
Duodenum_ACVR2A_Male_55_1920__r5c3.jpg,0.8472
Duodenum_ACVR2A_Male_55_1920__r5c4.jpg,0.7800
Duodenum_ACVR2A_Male_55_1920__r5c5.jpg,0.0049
Duodenum_ACVR2A_Male_55_1920__r5c6.jpg,0.2185
Duodenum_ACVR2A_Male_55_1920__r5c7.jpg,0.0067
Duodenum_ACVR2A_Male_55_1920__r6c0.jpg,0.0004
Duodenum_ACVR2A_Male_55_1920__r6c1.jpg,0.1260
Duodenum_ACVR2A_Male_55_1920__r6c2.jpg,0.7296
Duodenum_ACVR2A_Male_55_1920__r6c3.jpg,0.3865
Duodenum_ACVR2A_Male_55_1920__r6c4.jpg,0.7474
Duodenum_ACVR2A_Male_55_1920__r6c5.jpg,0.0553
Duodenum_ACVR2A_Male_55_1920__r6c6.jpg,0.1073
Duodenum_ACVR2A_Male_55_1920__r6c7.jpg,0.0000
Duodenum_ACVR2A_Male_55_1920__r7c0.jpg,0.0002
Duodenum_ACVR2A_Male_55_1920__r7c1.jpg,0.0001
Duodenum_ACVR2A_Male_55_1920__r7c2.jpg,0.0193
Duodenum_ACVR2A_Male_55_1920__r7c3.jpg,0.1388
Duodenum_ACVR2A_Male_55_1920__r7c4.jpg,0.1439
Duodenum_ACVR2A_Male_55_1920__r7c5.jpg,0.0076
Duodenum_ACVR2A_Male_55_1920__r7c6.jpg,0.0000
Duodenum_ACVR2A_Male_55_1920__r7c7.jpg,0.0000
Small_intestine_ABCD3_Female_56_1499__r0c0.jpg,0.0000
Small_intestine_ABCD3_Female_56_1499__r0c1.jpg,0.0000
Small_intestine_ABCD3_Female_56_1499__r0c2.jpg,0.0035
Small_intestine_ABCD3_Female_56_1499__r0c3.jpg,0.0334
Small_intestine_ABCD3_Female_56_1499__r0c4.jpg,0.0350
Small_intestine_ABCD3_Female_56_1499__r0c5.jpg,0.0007
Small_intestine_ABCD3_Female_56_1499__r0c6.jpg,0.0000
Small_intestine_ABCD3_Female_56_1499__r0c7.jpg,0.0000
Small_intestine_ABCD3_Female_56_1499__r1c0.jpg,0.0000
Small_intestine_ABCD3_Female_56_1499__r1c1.jpg,0.0753
Small_intestine_ABCD3_Female_56_1499__r1c2.jpg,0.3064
Small_intestine_ABCD3_Female_56_1499__r1c3.jpg,0.4828
Small_intestine_ABCD3_Female_56_1499__r1c4.jpg,0.5045
Small_intestine_ABCD3_Female_56_1499__r1c5.jpg,0.5037
Small_intestine_ABCD3_Female_56_1499__r1c6.jpg,0.0900
Small_intestine_ABCD3_Female_56_1499__r1c7.jpg,0.0000
Small_intestine_ABCD3_Female_56_1499__r2c0.jpg,0.0001
Small_intestine_ABCD3_Female_56_1499__r2c1.jpg,0.2377
Small_intestine_ABCD3_Female_56_1499__r2c2.jpg,0.3995
Small_intestine_ABCD3_Female_56_1499__r2c3.jpg,0.3468
Small_intestine_ABCD3_Female_56_1499__r2c4.jpg,0.4109
Small_intestine_ABCD3_Female_56_1499__r2c5.jpg,0.5069
Small_intestine_ABCD3_Female_56_1499__r2c6.jpg,0.4043
Small_intestine_ABCD3_Female_56_1499__r2c7.jpg,0.0001
Small_intestine_ABCD3_Female_56_1499__r3c0.jpg,0.0005
Small_intestine_ABCD3_Female_56_1499__r3c1.jpg,0.2657
Small_intestine_ABCD3_Female_56_1499__r3c2.jpg,0.4954
Small_intestine_ABCD3_Female_56_1499__r3c3.jpg,0.3252
Small_intestine_ABCD3_Female_56_1499__r3c4.jpg,0.4395
Small_intestine_ABCD3_Female_56_1499__r3c5.jpg,0.4059
Small_intestine_ABCD3_Female_56_1499__r3c6.jpg,0.3951
Small_intestine_ABCD3_Female_56_1499__r3c7.jpg,0.0000
Small_intestine_ABCD3_Female_56_1499__r4c0.jpg,0.0423
Small_intestine_ABCD3_Female_56_1499__r4c1.jpg,0.5757
Small_intestine_ABCD3_Female_56_1499__r4c2.jpg,0.4326
Small_intestine_ABCD3_Female_56_1499__r4c3.jpg,0.3901
Small_intestine_ABCD3_Female_56_1499__r4c4.jpg,0.2986
Small_intestine_ABCD3_Female_56_1499__r4c5.jpg,0.4597
Small_intestine_ABCD3_Female_56_1499__r4c6.jpg,0.3515
Small_intestine_ABCD3_Female_56_1499__r4c7.jpg,0.0000
Small_intestine_ABCD3_Female_56_1499__r5c0.jpg,0.0000
Small_intestine_ABCD3_Female_56_1499__r5c1.jpg,0.4485
Small_intestine_ABCD3_Female_56_1499__r5c2.jpg,0.5493
Small_intestine_ABCD3_Female_56_1499__r5c3.jpg,0.3637
Small_intestine_ABCD3_Female_56_1499__r5c4.jpg,0.4746
Small_intestine_ABCD3_Female_56_1499__r5c5.jpg,0.2497
Small_intestine_ABCD3_Female_56_1499__r5c6.jpg,0.2382
Small_intestine_ABCD3_Female_56_1499__r5c7.jpg,0.0000
Small_intestine_ABCD3_Female_56_1499__r6c0.jpg,0.0000
Small_intestine_ABCD3_Female_56_1499__r6c1.jpg,0.1184
Small_intestine_ABCD3_Female_56_1499__r6c2.jpg,0.5151
Small_intestine_ABCD3_Female_56_1499__r6c3.jpg,0.3622
Small_intestine_ABCD3_Female_56_1499__r6c4.jpg,0.3763
Small_intestine_ABCD3_Female_56_1499__r6c5.jpg,0.4308
Small_intestine_ABCD3_Female_56_1499__r6c6.jpg,0.0199
Small_intestine_ABCD3_Female_56_1499__r6c7.jpg,0.0000
Small_intestine_ABCD3_Female_56_1499__r7c0.jpg,0.0000
Small_intestine_ABCD3_Female_56_1499__r7c1.jpg,0.0000
Small_intestine_ABCD3_Female_56_1499__r7c2.jpg,0.0085
Small_intestine_ABCD3_Female_56_1499__r7c3.jpg,0.0466
Small_intestine_ABCD3_Female_56_1499__r7c4.jpg,0.0835
Small_intestine_ABCD3_Female_56_1499__r7c5.jpg,0.0042
Small_intestine_ABCD3_Female_56_1499__r7c6.jpg,0.0003
Small_intestine_ABCD3_Female_56_1499__r7c7.jpg,0.0000
"Small_intestine,_NOS_ANKRD37_Female_71_3004__r0c0.jpg",0.0001
"Small_intestine,_NOS_ANKRD37_Female_71_3004__r0c1.jpg",0.0000
"Small_intestine,_NOS_ANKRD37_Female_71_3004__r0c2.jpg",0.1411
"Small_intestine,_NOS_ANKRD37_Female_71_3004__r0c3.jpg",0.3386
"Small_intestine,_NOS_ANKRD37_Female_71_3004__r0c4.jpg",0.3065
"Small_intestine,_NOS_ANKRD37_Female_71_3004__r0c5.jpg",0.0549
"Small_intestine,_NOS_ANKRD37_Female_71_3004__r0c6.jpg",0.0000
"Small_intestine,_NOS_ANKRD37_Female_71_3004__r0c7.jpg",0.0000
"Small_intestine,_NOS_ANKRD37_Female_71_3004__r1c0.jpg",0.0000
"Small_intestine,_NOS_ANKRD37_Female_71_3004__r1c1.jpg",0.3612
"Small_intestine,_NOS_ANKRD37_Female_71_3004__r1c2.jpg",0.7564
"Small_intestine,_NOS_ANKRD37_Female_71_3004__r1c3.jpg",0.7260
"Small_intestine,_NOS_ANKRD37_Female_71_3004__r1c4.jpg",0.6600
"Small_intestine,_NOS_ANKRD37_Female_71_3004__r1c5.jpg",0.5565
"Small_intestine,_NOS_ANKRD37_Female_71_3004__r1c6.jpg",0.1174
"Small_intestine,_NOS_ANKRD37_Female_71_3004__r1c7.jpg",0.0001
"Small_intestine,_NOS_ANKRD37_Female_71_3004__r2c0.jpg",0.1135
"Small_intestine,_NOS_ANKRD37_Female_71_3004__r2c1.jpg",0.7424
"Small_intestine,_NOS_ANKRD37_Female_71_3004__r2c2.jpg",0.7376
"Small_intestine,_NOS_ANKRD37_Female_71_3004__r2c3.jpg",0.7001
"Small_intestine,_NOS_ANKRD37_Female_71_3004__r2c4.jpg",0.5979
"Small_intestine,_NOS_ANKRD37_Female_71_3004__r2c5.jpg",0.5836
"Small_intestine,_NOS_ANKRD37_Female_71_3004__r2c6.jpg",0.5537
"Small_intestine,_NOS_ANKRD37_Female_71_3004__r2c7.jpg",0.0126
"Small_intestine,_NOS_ANKRD37_Female_71_3004__r3c0.jpg",0.3163
"Small_intestine,_NOS_ANKRD37_Female_71_3004__r3c1.jpg",0.7609
"Small_intestine,_NOS_ANKRD37_Female_71_3004__r3c2.jpg",0.7531
"Small_intestine,_NOS_ANKRD37_Female_71_3004__r3c3.jpg",0.6051
"Small_intestine,_NOS_ANKRD37_Female_71_3004__r3c4.jpg",0.6775
"Small_intestine,_NOS_ANKRD37_Female_71_3004__r3c5.jpg",0.6901
"Small_intestine,_NOS_ANKRD37_Female_71_3004__r3c6.jpg",0.5373
"Small_intestine,_NOS_ANKRD37_Female_71_3004__r3c7.jpg",0.2815
"Small_intestine,_NOS_ANKRD37_Female_71_3004__r4c0.jpg",0.2906
"Small_intestine,_NOS_ANKRD37_Female_71_3004__r4c1.jpg",0.8202
"Small_intestine,_NOS_ANKRD37_Female_71_3004__r4c2.jpg",0.7632
"Small_intestine,_NOS_ANKRD37_Female_71_3004__r4c3.jpg",0.6424
"Small_intestine,_NOS_ANKRD37_Female_71_3004__r4c4.jpg",0.6773
"Small_intestine,_NOS_ANKRD37_Female_71_3004__r4c5.jpg",0.5960
"Small_intestine,_NOS_ANKRD37_Female_71_3004__r4c6.jpg",0.6162
"Small_intestine,_NOS_ANKRD37_Female_71_3004__r4c7.jpg",0.3629
"Small_intestine,_NOS_ANKRD37_Female_71_3004__r5c0.jpg",0.0992
"Small_intestine,_NOS_ANKRD37_Female_71_3004__r5c1.jpg",0.6446
"Small_intestine,_NOS_ANKRD37_Female_71_3004__r5c2.jpg",0.7793
"Small_intestine,_NOS_ANKRD37_Female_71_3004__r5c3.jpg",0.6734
"Small_intestine,_NOS_ANKRD37_Female_71_3004__r5c4.jpg",0.7177
"Small_intestine,_NOS_ANKRD37_Female_71_3004__r5c5.jpg",0.6610
"Small_intestine,_NOS_ANKRD37_Female_71_3004__r5c6.jpg",0.6418
"Small_intestine,_NOS_ANKRD37_Female_71_3004__r5c7.jpg",0.1941
"Small_intestine,_NOS_ANKRD37_Female_71_3004__r6c0.jpg",0.0013
"Small_intestine,_NOS_ANKRD37_Female_71_3004__r6c1.jpg",0.1997
"Small_intestine,_NOS_ANKRD37_Female_71_3004__r6c2.jpg",0.7552
"Small_intestine,_NOS_ANKRD37_Female_71_3004__r6c3.jpg",0.7267
"Small_intestine,_NOS_ANKRD37_Female_71_3004__r6c4.jpg",0.6525
"Small_intestine,_NOS_ANKRD37_Female_71_3004__r6c5.jpg",0.7022
"Small_intestine,_NOS_ANKRD37_Female_71_3004__r6c6.jpg",0.5779
"Small_intestine,_NOS_ANKRD37_Female_71_3004__r6c7.jpg",0.0335
"Small_intestine,_NOS_ANKRD37_Female_71_3004__r7c0.jpg",0.0000
"Small_intestine,_NOS_ANKRD37_Female_71_3004__r7c1.jpg",0.0003
"Small_intestine,_NOS_ANKRD37_Female_71_3004__r7c2.jpg",0.2329
"Small_intestine,_NOS_ANKRD37_Female_71_3004__r7c3.jpg",0.5226
"Small_intestine,_NOS_ANKRD37_Female_71_3004__r7c4.jpg",0.5366
"Small_intestine,_NOS_ANKRD37_Female_71_3004__r7c5.jpg",0.4077
"Small_intestine,_NOS_ANKRD37_Female_71_3004__r7c6.jpg",0.0879
"Small_intestine,_NOS_ANKRD37_Female_71_3004__r7c7.jpg",0.0004
Duodenum_API5_Male_54_2562__r0c0.jpg,0.0000
Duodenum_API5_Male_54_2562__r0c1.jpg,0.0000
Duodenum_API5_Male_54_2562__r0c2.jpg,0.0130
Duodenum_API5_Male_54_2562__r0c3.jpg,0.2029
Duodenum_API5_Male_54_2562__r0c4.jpg,0.3175
Duodenum_API5_Male_54_2562__r0c5.jpg,0.0519
Duodenum_API5_Male_54_2562__r0c6.jpg,0.0001
Duodenum_API5_Male_54_2562__r0c7.jpg,0.0000
Duodenum_API5_Male_54_2562__r1c0.jpg,0.0000
Duodenum_API5_Male_54_2562__r1c1.jpg,0.0145
Duodenum_API5_Male_54_2562__r1c2.jpg,0.2484
Duodenum_API5_Male_54_2562__r1c3.jpg,0.3453
Duodenum_API5_Male_54_2562__r1c4.jpg,0.3952
Duodenum_API5_Male_54_2562__r1c5.jpg,0.2722
Duodenum_API5_Male_54_2562__r1c6.jpg,0.1350
Duodenum_API5_Male_54_2562__r1c7.jpg,0.0000
Duodenum_API5_Male_54_2562__r2c0.jpg,0.0000
Duodenum_API5_Male_54_2562__r2c1.jpg,0.0780
Duodenum_API5_Male_54_2562__r2c2.jpg,0.2541
Duodenum_API5_Male_54_2562__r2c3.jpg,0.3130
Duodenum_API5_Male_54_2562__r2c4.jpg,0.2995
Duodenum_API5_Male_54_2562__r2c5.jpg,0.2733
Duodenum_API5_Male_54_2562__r2c6.jpg,0.5188
Duodenum_API5_Male_54_2562__r2c7.jpg,0.0808
Duodenum_API5_Male_54_2562__r3c0.jpg,0.0000
Duodenum_API5_Male_54_2562__r3c1.jpg,0.1985
Duodenum_API5_Male_54_2562__r3c2.jpg,0.2435
Duodenum_API5_Male_54_2562__r3c3.jpg,0.2690
Duodenum_API5_Male_54_2562__r3c4.jpg,0.2746
Duodenum_API5_Male_54_2562__r3c5.jpg,0.3898
Duodenum_API5_Male_54_2562__r3c6.jpg,0.6824
Duodenum_API5_Male_54_2562__r3c7.jpg,0.2272
Duodenum_API5_Male_54_2562__r4c0.jpg,0.0000
Duodenum_API5_Male_54_2562__r4c1.jpg,0.2326
Duodenum_API5_Male_54_2562__r4c2.jpg,0.2504
Duodenum_API5_Male_54_2562__r4c3.jpg,0.2045
Duodenum_API5_Male_54_2562__r4c4.jpg,0.3180
Duodenum_API5_Male_54_2562__r4c5.jpg,0.6729
Duodenum_API5_Male_54_2562__r4c6.jpg,0.6152
Duodenum_API5_Male_54_2562__r4c7.jpg,0.2473
Duodenum_API5_Male_54_2562__r5c0.jpg,0.0000
Duodenum_API5_Male_54_2562__r5c1.jpg,0.1915
Duodenum_API5_Male_54_2562__r5c2.jpg,0.2862
Duodenum_API5_Male_54_2562__r5c3.jpg,0.3248
Duodenum_API5_Male_54_2562__r5c4.jpg,0.5323
Duodenum_API5_Male_54_2562__r5c5.jpg,0.6916
Duodenum_API5_Male_54_2562__r5c6.jpg,0.5070
Duodenum_API5_Male_54_2562__r5c7.jpg,0.0908
Duodenum_API5_Male_54_2562__r6c0.jpg,0.0005
Duodenum_API5_Male_54_2562__r6c1.jpg,0.0631
Duodenum_API5_Male_54_2562__r6c2.jpg,0.2981
Duodenum_API5_Male_54_2562__r6c3.jpg,0.2900
Duodenum_API5_Male_54_2562__r6c4.jpg,0.6975
Duodenum_API5_Male_54_2562__r6c5.jpg,0.6353
Duodenum_API5_Male_54_2562__r6c6.jpg,0.2779
Duodenum_API5_Male_54_2562__r6c7.jpg,0.0004
Duodenum_API5_Male_54_2562__r7c0.jpg,0.0000
Duodenum_API5_Male_54_2562__r7c1.jpg,0.0000
Duodenum_API5_Male_54_2562__r7c2.jpg,0.0597
Duodenum_API5_Male_54_2562__r7c3.jpg,0.2473
Duodenum_API5_Male_54_2562__r7c4.jpg,0.3775
Duodenum_API5_Male_54_2562__r7c5.jpg,0.1461
Duodenum_API5_Male_54_2562__r7c6.jpg,0.0002
Duodenum_API5_Male_54_2562__r7c7.jpg,0.0000
Duodenum_DHRS1_Male_73_64__r0c0.jpg,0.0000
Duodenum_DHRS1_Male_73_64__r0c1.jpg,0.0000
Duodenum_DHRS1_Male_73_64__r0c2.jpg,0.0000
Duodenum_DHRS1_Male_73_64__r0c3.jpg,0.0001
Duodenum_DHRS1_Male_73_64__r0c4.jpg,0.0000
Duodenum_DHRS1_Male_73_64__r0c5.jpg,0.0000
Duodenum_DHRS1_Male_73_64__r0c6.jpg,0.0000
Duodenum_DHRS1_Male_73_64__r0c7.jpg,0.0000
Duodenum_DHRS1_Male_73_64__r1c0.jpg,0.0002
Duodenum_DHRS1_Male_73_64__r1c1.jpg,0.0000
Duodenum_DHRS1_Male_73_64__r1c2.jpg,0.0000
Duodenum_DHRS1_Male_73_64__r1c3.jpg,0.0016
Duodenum_DHRS1_Male_73_64__r1c4.jpg,0.0021
Duodenum_DHRS1_Male_73_64__r1c5.jpg,0.0000
Duodenum_DHRS1_Male_73_64__r1c6.jpg,0.0000
Duodenum_DHRS1_Male_73_64__r1c7.jpg,0.0000
Duodenum_DHRS1_Male_73_64__r2c0.jpg,0.0000
Duodenum_DHRS1_Male_73_64__r2c1.jpg,0.0000
Duodenum_DHRS1_Male_73_64__r2c2.jpg,0.2066
Duodenum_DHRS1_Male_73_64__r2c3.jpg,0.6309
Duodenum_DHRS1_Male_73_64__r2c4.jpg,0.7883
Duodenum_DHRS1_Male_73_64__r2c5.jpg,0.3566
Duodenum_DHRS1_Male_73_64__r2c6.jpg,0.0111
Duodenum_DHRS1_Male_73_64__r2c7.jpg,0.0009
Duodenum_DHRS1_Male_73_64__r3c0.jpg,0.0003
Duodenum_DHRS1_Male_73_64__r3c1.jpg,0.0320
Duodenum_DHRS1_Male_73_64__r3c2.jpg,0.6928
Duodenum_DHRS1_Male_73_64__r3c3.jpg,0.7016
Duodenum_DHRS1_Male_73_64__r3c4.jpg,0.7189
Duodenum_DHRS1_Male_73_64__r3c5.jpg,0.6780
Duodenum_DHRS1_Male_73_64__r3c6.jpg,0.1826
Duodenum_DHRS1_Male_73_64__r3c7.jpg,0.0002
Duodenum_DHRS1_Male_73_64__r4c0.jpg,0.0000
Duodenum_DHRS1_Male_73_64__r4c1.jpg,0.1711
Duodenum_DHRS1_Male_73_64__r4c2.jpg,0.7102
Duodenum_DHRS1_Male_73_64__r4c3.jpg,0.5544
Duodenum_DHRS1_Male_73_64__r4c4.jpg,0.4059
Duodenum_DHRS1_Male_73_64__r4c5.jpg,0.4751
Duodenum_DHRS1_Male_73_64__r4c6.jpg,0.0862
Duodenum_DHRS1_Male_73_64__r4c7.jpg,0.0001
Duodenum_DHRS1_Male_73_64__r5c0.jpg,0.0000
Duodenum_DHRS1_Male_73_64__r5c1.jpg,0.0403
Duodenum_DHRS1_Male_73_64__r5c2.jpg,0.5746
Duodenum_DHRS1_Male_73_64__r5c3.jpg,0.4658
Duodenum_DHRS1_Male_73_64__r5c4.jpg,0.3640
Duodenum_DHRS1_Male_73_64__r5c5.jpg,0.2308
Duodenum_DHRS1_Male_73_64__r5c6.jpg,0.0007
Duodenum_DHRS1_Male_73_64__r5c7.jpg,0.0000
Duodenum_DHRS1_Male_73_64__r6c0.jpg,0.0001
Duodenum_DHRS1_Male_73_64__r6c1.jpg,0.0000
Duodenum_DHRS1_Male_73_64__r6c2.jpg,0.0993
Duodenum_DHRS1_Male_73_64__r6c3.jpg,0.2177
Duodenum_DHRS1_Male_73_64__r6c4.jpg,0.0741
Duodenum_DHRS1_Male_73_64__r6c5.jpg,0.0017
Duodenum_DHRS1_Male_73_64__r6c6.jpg,0.0003
Duodenum_DHRS1_Male_73_64__r6c7.jpg,0.0002
Duodenum_DHRS1_Male_73_64__r7c0.jpg,0.0004
Duodenum_DHRS1_Male_73_64__r7c1.jpg,0.0002
Duodenum_DHRS1_Male_73_64__r7c2.jpg,0.0002
Duodenum_DHRS1_Male_73_64__r7c3.jpg,0.0002
Duodenum_DHRS1_Male_73_64__r7c4.jpg,0.0008
Duodenum_DHRS1_Male_73_64__r7c5.jpg,0.0001
Duodenum_DHRS1_Male_73_64__r7c6.jpg,0.0000
Duodenum_DHRS1_Male_73_64__r7c7.jpg,0.0009
Duodenum_CKAP4_Male_79_2650__r0c0.jpg,0.0003
Duodenum_CKAP4_Male_79_2650__r0c1.jpg,0.0000
Duodenum_CKAP4_Male_79_2650__r0c2.jpg,0.0004
Duodenum_CKAP4_Male_79_2650__r0c3.jpg,0.0040
Duodenum_CKAP4_Male_79_2650__r0c4.jpg,0.0608
Duodenum_CKAP4_Male_79_2650__r0c5.jpg,0.1273
Duodenum_CKAP4_Male_79_2650__r0c6.jpg,0.0006
Duodenum_CKAP4_Male_79_2650__r0c7.jpg,0.0006
Duodenum_CKAP4_Male_79_2650__r1c0.jpg,0.0002
Duodenum_CKAP4_Male_79_2650__r1c1.jpg,0.0002
Duodenum_CKAP4_Male_79_2650__r1c2.jpg,0.1293
Duodenum_CKAP4_Male_79_2650__r1c3.jpg,0.3240
Duodenum_CKAP4_Male_79_2650__r1c4.jpg,0.6514
Duodenum_CKAP4_Male_79_2650__r1c5.jpg,0.6255
Duodenum_CKAP4_Male_79_2650__r1c6.jpg,0.2791
Duodenum_CKAP4_Male_79_2650__r1c7.jpg,0.0014
Duodenum_CKAP4_Male_79_2650__r2c0.jpg,0.0002
Duodenum_CKAP4_Male_79_2650__r2c1.jpg,0.3802
Duodenum_CKAP4_Male_79_2650__r2c2.jpg,0.5189
Duodenum_CKAP4_Male_79_2650__r2c3.jpg,0.6728
Duodenum_CKAP4_Male_79_2650__r2c4.jpg,0.6836
Duodenum_CKAP4_Male_79_2650__r2c5.jpg,0.7693
Duodenum_CKAP4_Male_79_2650__r2c6.jpg,0.7030
Duodenum_CKAP4_Male_79_2650__r2c7.jpg,0.0199
Duodenum_CKAP4_Male_79_2650__r3c0.jpg,0.0236
Duodenum_CKAP4_Male_79_2650__r3c1.jpg,0.7022
Duodenum_CKAP4_Male_79_2650__r3c2.jpg,0.7149
Duodenum_CKAP4_Male_79_2650__r3c3.jpg,0.8166
Duodenum_CKAP4_Male_79_2650__r3c4.jpg,0.8211
Duodenum_CKAP4_Male_79_2650__r3c5.jpg,0.8955
Duodenum_CKAP4_Male_79_2650__r3c6.jpg,0.8187
Duodenum_CKAP4_Male_79_2650__r3c7.jpg,0.0603
Duodenum_CKAP4_Male_79_2650__r4c0.jpg,0.0009
Duodenum_CKAP4_Male_79_2650__r4c1.jpg,0.5959
Duodenum_CKAP4_Male_79_2650__r4c2.jpg,0.7458
Duodenum_CKAP4_Male_79_2650__r4c3.jpg,0.8782
Duodenum_CKAP4_Male_79_2650__r4c4.jpg,0.8647
Duodenum_CKAP4_Male_79_2650__r4c5.jpg,0.8666
Duodenum_CKAP4_Male_79_2650__r4c6.jpg,0.4636
Duodenum_CKAP4_Male_79_2650__r4c7.jpg,0.0021
Duodenum_CKAP4_Male_79_2650__r5c0.jpg,0.0001
Duodenum_CKAP4_Male_79_2650__r5c1.jpg,0.2086
Duodenum_CKAP4_Male_79_2650__r5c2.jpg,0.7895
Duodenum_CKAP4_Male_79_2650__r5c3.jpg,0.8643
Duodenum_CKAP4_Male_79_2650__r5c4.jpg,0.8534
Duodenum_CKAP4_Male_79_2650__r5c5.jpg,0.6140
Duodenum_CKAP4_Male_79_2650__r5c6.jpg,0.0664
Duodenum_CKAP4_Male_79_2650__r5c7.jpg,0.0026
Duodenum_CKAP4_Male_79_2650__r6c0.jpg,0.0006
Duodenum_CKAP4_Male_79_2650__r6c1.jpg,0.0020
Duodenum_CKAP4_Male_79_2650__r6c2.jpg,0.0677
Duodenum_CKAP4_Male_79_2650__r6c3.jpg,0.3181
Duodenum_CKAP4_Male_79_2650__r6c4.jpg,0.3173
Duodenum_CKAP4_Male_79_2650__r6c5.jpg,0.0332
Duodenum_CKAP4_Male_79_2650__r6c6.jpg,0.0013
Duodenum_CKAP4_Male_79_2650__r6c7.jpg,0.0007
Duodenum_CKAP4_Male_79_2650__r7c0.jpg,0.0006
Duodenum_CKAP4_Male_79_2650__r7c1.jpg,0.0015
Duodenum_CKAP4_Male_79_2650__r7c2.jpg,0.0039
Duodenum_CKAP4_Male_79_2650__r7c3.jpg,0.0028
Duodenum_CKAP4_Male_79_2650__r7c4.jpg,0.0024
Duodenum_CKAP4_Male_79_2650__r7c5.jpg,0.0010
Duodenum_CKAP4_Male_79_2650__r7c6.jpg,0.0023
Duodenum_CKAP4_Male_79_2650__r7c7.jpg,0.0011
Small_intestine_ABCG2_Male_26_3472__r0c0.jpg,0.0000
Small_intestine_ABCG2_Male_26_3472__r0c1.jpg,0.0000
Small_intestine_ABCG2_Male_26_3472__r0c2.jpg,0.0000
Small_intestine_ABCG2_Male_26_3472__r0c3.jpg,0.0005
Small_intestine_ABCG2_Male_26_3472__r0c4.jpg,0.0749
Small_intestine_ABCG2_Male_26_3472__r0c5.jpg,0.1616
Small_intestine_ABCG2_Male_26_3472__r0c6.jpg,0.0000
Small_intestine_ABCG2_Male_26_3472__r0c7.jpg,0.0000
Small_intestine_ABCG2_Male_26_3472__r1c0.jpg,0.0000
Small_intestine_ABCG2_Male_26_3472__r1c1.jpg,0.0000
Small_intestine_ABCG2_Male_26_3472__r1c2.jpg,0.0002
Small_intestine_ABCG2_Male_26_3472__r1c3.jpg,0.0010
Small_intestine_ABCG2_Male_26_3472__r1c4.jpg,0.4461
Small_intestine_ABCG2_Male_26_3472__r1c5.jpg,0.6088
Small_intestine_ABCG2_Male_26_3472__r1c6.jpg,0.4119
Small_intestine_ABCG2_Male_26_3472__r1c7.jpg,0.0033
Small_intestine_ABCG2_Male_26_3472__r2c0.jpg,0.0000
Small_intestine_ABCG2_Male_26_3472__r2c1.jpg,0.0000
Small_intestine_ABCG2_Male_26_3472__r2c2.jpg,0.0000
Small_intestine_ABCG2_Male_26_3472__r2c3.jpg,0.1826
Small_intestine_ABCG2_Male_26_3472__r2c4.jpg,0.6035
Small_intestine_ABCG2_Male_26_3472__r2c5.jpg,0.6548
Small_intestine_ABCG2_Male_26_3472__r2c6.jpg,0.6108
Small_intestine_ABCG2_Male_26_3472__r2c7.jpg,0.2138
Small_intestine_ABCG2_Male_26_3472__r3c0.jpg,0.0000
Small_intestine_ABCG2_Male_26_3472__r3c1.jpg,0.0030
Small_intestine_ABCG2_Male_26_3472__r3c2.jpg,0.4920
Small_intestine_ABCG2_Male_26_3472__r3c3.jpg,0.6015
Small_intestine_ABCG2_Male_26_3472__r3c4.jpg,0.6260
Small_intestine_ABCG2_Male_26_3472__r3c5.jpg,0.6472
Small_intestine_ABCG2_Male_26_3472__r3c6.jpg,0.6181
Small_intestine_ABCG2_Male_26_3472__r3c7.jpg,0.4586
Small_intestine_ABCG2_Male_26_3472__r4c0.jpg,0.0000
Small_intestine_ABCG2_Male_26_3472__r4c1.jpg,0.1480
Small_intestine_ABCG2_Male_26_3472__r4c2.jpg,0.6500
Small_intestine_ABCG2_Male_26_3472__r4c3.jpg,0.5999
Small_intestine_ABCG2_Male_26_3472__r4c4.jpg,0.6677
Small_intestine_ABCG2_Male_26_3472__r4c5.jpg,0.7317
Small_intestine_ABCG2_Male_26_3472__r4c6.jpg,0.7055
Small_intestine_ABCG2_Male_26_3472__r4c7.jpg,0.4332
Small_intestine_ABCG2_Male_26_3472__r5c0.jpg,0.0000
Small_intestine_ABCG2_Male_26_3472__r5c1.jpg,0.3355
Small_intestine_ABCG2_Male_26_3472__r5c2.jpg,0.6556
Small_intestine_ABCG2_Male_26_3472__r5c3.jpg,0.7353
Small_intestine_ABCG2_Male_26_3472__r5c4.jpg,0.7506
Small_intestine_ABCG2_Male_26_3472__r5c5.jpg,0.7666
Small_intestine_ABCG2_Male_26_3472__r5c6.jpg,0.7523
Small_intestine_ABCG2_Male_26_3472__r5c7.jpg,0.1917
Small_intestine_ABCG2_Male_26_3472__r6c0.jpg,0.0000
Small_intestine_ABCG2_Male_26_3472__r6c1.jpg,0.3187
Small_intestine_ABCG2_Male_26_3472__r6c2.jpg,0.7167
Small_intestine_ABCG2_Male_26_3472__r6c3.jpg,0.7979
Small_intestine_ABCG2_Male_26_3472__r6c4.jpg,0.7200
Small_intestine_ABCG2_Male_26_3472__r6c5.jpg,0.7444
Small_intestine_ABCG2_Male_26_3472__r6c6.jpg,0.4318
Small_intestine_ABCG2_Male_26_3472__r6c7.jpg,0.0001
Small_intestine_ABCG2_Male_26_3472__r7c0.jpg,0.0001
Small_intestine_ABCG2_Male_26_3472__r7c1.jpg,0.0095
Small_intestine_ABCG2_Male_26_3472__r7c2.jpg,0.2975
Small_intestine_ABCG2_Male_26_3472__r7c3.jpg,0.4227
Small_intestine_ABCG2_Male_26_3472__r7c4.jpg,0.3522
Small_intestine_ABCG2_Male_26_3472__r7c5.jpg,0.2022
Small_intestine_ABCG2_Male_26_3472__r7c6.jpg,0.0020
Small_intestine_ABCG2_Male_26_3472__r7c7.jpg,0.0000
Duodenum_GRK3_Female_48_75__r0c0.jpg,0.0000
Duodenum_GRK3_Female_48_75__r0c1.jpg,0.0000
Duodenum_GRK3_Female_48_75__r0c2.jpg,0.0001
Duodenum_GRK3_Female_48_75__r0c3.jpg,0.0079
Duodenum_GRK3_Female_48_75__r0c4.jpg,0.0100
Duodenum_GRK3_Female_48_75__r0c5.jpg,0.0001
Duodenum_GRK3_Female_48_75__r0c6.jpg,0.0000
Duodenum_GRK3_Female_48_75__r0c7.jpg,0.0005
Duodenum_GRK3_Female_48_75__r1c0.jpg,0.0000
Duodenum_GRK3_Female_48_75__r1c1.jpg,0.0429
Duodenum_GRK3_Female_48_75__r1c2.jpg,0.3479
Duodenum_GRK3_Female_48_75__r1c3.jpg,0.3905
Duodenum_GRK3_Female_48_75__r1c4.jpg,0.3661
Duodenum_GRK3_Female_48_75__r1c5.jpg,0.1010
Duodenum_GRK3_Female_48_75__r1c6.jpg,0.0002
Duodenum_GRK3_Female_48_75__r1c7.jpg,0.0000
Duodenum_GRK3_Female_48_75__r2c0.jpg,0.0423
Duodenum_GRK3_Female_48_75__r2c1.jpg,0.3096
Duodenum_GRK3_Female_48_75__r2c2.jpg,0.5157
Duodenum_GRK3_Female_48_75__r2c3.jpg,0.4339
Duodenum_GRK3_Female_48_75__r2c4.jpg,0.4011
Duodenum_GRK3_Female_48_75__r2c5.jpg,0.2480
Duodenum_GRK3_Female_48_75__r2c6.jpg,0.0430
Duodenum_GRK3_Female_48_75__r2c7.jpg,0.0000
Duodenum_GRK3_Female_48_75__r3c0.jpg,0.2031
Duodenum_GRK3_Female_48_75__r3c1.jpg,0.4837
Duodenum_GRK3_Female_48_75__r3c2.jpg,0.5512
Duodenum_GRK3_Female_48_75__r3c3.jpg,0.4366
Duodenum_GRK3_Female_48_75__r3c4.jpg,0.5551
Duodenum_GRK3_Female_48_75__r3c5.jpg,0.2259
Duodenum_GRK3_Female_48_75__r3c6.jpg,0.0743
Duodenum_GRK3_Female_48_75__r3c7.jpg,0.0001
Duodenum_GRK3_Female_48_75__r4c0.jpg,0.0681
Duodenum_GRK3_Female_48_75__r4c1.jpg,0.3927
Duodenum_GRK3_Female_48_75__r4c2.jpg,0.4331
Duodenum_GRK3_Female_48_75__r4c3.jpg,0.4915
Duodenum_GRK3_Female_48_75__r4c4.jpg,0.5246
Duodenum_GRK3_Female_48_75__r4c5.jpg,0.2575
Duodenum_GRK3_Female_48_75__r4c6.jpg,0.0468
Duodenum_GRK3_Female_48_75__r4c7.jpg,0.0002
Duodenum_GRK3_Female_48_75__r5c0.jpg,0.0240
Duodenum_GRK3_Female_48_75__r5c1.jpg,0.4095
Duodenum_GRK3_Female_48_75__r5c2.jpg,0.4261
Duodenum_GRK3_Female_48_75__r5c3.jpg,0.3594
Duodenum_GRK3_Female_48_75__r5c4.jpg,0.4721
Duodenum_GRK3_Female_48_75__r5c5.jpg,0.3882
Duodenum_GRK3_Female_48_75__r5c6.jpg,0.1047
Duodenum_GRK3_Female_48_75__r5c7.jpg,0.0000
Duodenum_GRK3_Female_48_75__r6c0.jpg,0.0000
Duodenum_GRK3_Female_48_75__r6c1.jpg,0.1244
Duodenum_GRK3_Female_48_75__r6c2.jpg,0.2479
Duodenum_GRK3_Female_48_75__r6c3.jpg,0.4222
Duodenum_GRK3_Female_48_75__r6c4.jpg,0.5936
Duodenum_GRK3_Female_48_75__r6c5.jpg,0.3783
Duodenum_GRK3_Female_48_75__r6c6.jpg,0.0058
Duodenum_GRK3_Female_48_75__r6c7.jpg,0.0000
Duodenum_GRK3_Female_48_75__r7c0.jpg,0.0000
Duodenum_GRK3_Female_48_75__r7c1.jpg,0.0001
Duodenum_GRK3_Female_48_75__r7c2.jpg,0.0001
Duodenum_GRK3_Female_48_75__r7c3.jpg,0.0137
Duodenum_GRK3_Female_48_75__r7c4.jpg,0.0022
Duodenum_GRK3_Female_48_75__r7c5.jpg,0.0000
Duodenum_GRK3_Female_48_75__r7c6.jpg,0.0000
Duodenum_GRK3_Female_48_75__r7c7.jpg,0.0000
Duodenum_ADH6_Female_67_3479__r0c0.jpg,0.0002
Duodenum_ADH6_Female_67_3479__r0c1.jpg,0.0000
Duodenum_ADH6_Female_67_3479__r0c2.jpg,0.0000
Duodenum_ADH6_Female_67_3479__r0c3.jpg,0.0383
Duodenum_ADH6_Female_67_3479__r0c4.jpg,0.0675
Duodenum_ADH6_Female_67_3479__r0c5.jpg,0.0039
Duodenum_ADH6_Female_67_3479__r0c6.jpg,0.0000
Duodenum_ADH6_Female_67_3479__r0c7.jpg,0.0000
Duodenum_ADH6_Female_67_3479__r1c0.jpg,0.0000
Duodenum_ADH6_Female_67_3479__r1c1.jpg,0.0370
Duodenum_ADH6_Female_67_3479__r1c2.jpg,0.5445
Duodenum_ADH6_Female_67_3479__r1c3.jpg,0.7376
Duodenum_ADH6_Female_67_3479__r1c4.jpg,0.6516
Duodenum_ADH6_Female_67_3479__r1c5.jpg,0.2542
Duodenum_ADH6_Female_67_3479__r1c6.jpg,0.1007
Duodenum_ADH6_Female_67_3479__r1c7.jpg,0.0000
Duodenum_ADH6_Female_67_3479__r2c0.jpg,0.0001
Duodenum_ADH6_Female_67_3479__r2c1.jpg,0.4228
Duodenum_ADH6_Female_67_3479__r2c2.jpg,0.5644
Duodenum_ADH6_Female_67_3479__r2c3.jpg,0.3506
Duodenum_ADH6_Female_67_3479__r2c4.jpg,0.4403
Duodenum_ADH6_Female_67_3479__r2c5.jpg,0.6061
Duodenum_ADH6_Female_67_3479__r2c6.jpg,0.5928
Duodenum_ADH6_Female_67_3479__r2c7.jpg,0.0030
Duodenum_ADH6_Female_67_3479__r3c0.jpg,0.0672
Duodenum_ADH6_Female_67_3479__r3c1.jpg,0.7849
Duodenum_ADH6_Female_67_3479__r3c2.jpg,0.7888
Duodenum_ADH6_Female_67_3479__r3c3.jpg,0.7004
Duodenum_ADH6_Female_67_3479__r3c4.jpg,0.7398
Duodenum_ADH6_Female_67_3479__r3c5.jpg,0.7579
Duodenum_ADH6_Female_67_3479__r3c6.jpg,0.7148
Duodenum_ADH6_Female_67_3479__r3c7.jpg,0.1421
Duodenum_ADH6_Female_67_3479__r4c0.jpg,0.1609
Duodenum_ADH6_Female_67_3479__r4c1.jpg,0.8030
Duodenum_ADH6_Female_67_3479__r4c2.jpg,0.6506
Duodenum_ADH6_Female_67_3479__r4c3.jpg,0.7578
Duodenum_ADH6_Female_67_3479__r4c4.jpg,0.5579
Duodenum_ADH6_Female_67_3479__r4c5.jpg,0.8485
Duodenum_ADH6_Female_67_3479__r4c6.jpg,0.8704
Duodenum_ADH6_Female_67_3479__r4c7.jpg,0.1436
Duodenum_ADH6_Female_67_3479__r5c0.jpg,0.0155
Duodenum_ADH6_Female_67_3479__r5c1.jpg,0.7677
Duodenum_ADH6_Female_67_3479__r5c2.jpg,0.8370
Duodenum_ADH6_Female_67_3479__r5c3.jpg,0.8524
Duodenum_ADH6_Female_67_3479__r5c4.jpg,0.8116
Duodenum_ADH6_Female_67_3479__r5c5.jpg,0.7838
Duodenum_ADH6_Female_67_3479__r5c6.jpg,0.6150
Duodenum_ADH6_Female_67_3479__r5c7.jpg,0.0051
Duodenum_ADH6_Female_67_3479__r6c0.jpg,0.0000
Duodenum_ADH6_Female_67_3479__r6c1.jpg,0.1541
Duodenum_ADH6_Female_67_3479__r6c2.jpg,0.4411
Duodenum_ADH6_Female_67_3479__r6c3.jpg,0.5132
Duodenum_ADH6_Female_67_3479__r6c4.jpg,0.4757
Duodenum_ADH6_Female_67_3479__r6c5.jpg,0.3187
Duodenum_ADH6_Female_67_3479__r6c6.jpg,0.0425
Duodenum_ADH6_Female_67_3479__r6c7.jpg,0.0000
Duodenum_ADH6_Female_67_3479__r7c0.jpg,0.0001
Duodenum_ADH6_Female_67_3479__r7c1.jpg,0.0000
Duodenum_ADH6_Female_67_3479__r7c2.jpg,0.0070
Duodenum_ADH6_Female_67_3479__r7c3.jpg,0.0817
Duodenum_ADH6_Female_67_3479__r7c4.jpg,0.0574
Duodenum_ADH6_Female_67_3479__r7c5.jpg,0.0003
Duodenum_ADH6_Female_67_3479__r7c6.jpg,0.0000
Duodenum_ADH6_Female_67_3479__r7c7.jpg,0.0000
Duodenum_CHGA_Female_43_148__r0c0.jpg,0.0001
Duodenum_CHGA_Female_43_148__r0c1.jpg,0.0000
Duodenum_CHGA_Female_43_148__r0c2.jpg,0.0001
Duodenum_CHGA_Female_43_148__r0c3.jpg,0.0512
Duodenum_CHGA_Female_43_148__r0c4.jpg,0.1248
Duodenum_CHGA_Female_43_148__r0c5.jpg,0.0591
Duodenum_CHGA_Female_43_148__r0c6.jpg,0.0005
Duodenum_CHGA_Female_43_148__r0c7.jpg,0.0001
Duodenum_CHGA_Female_43_148__r1c0.jpg,0.0001
Duodenum_CHGA_Female_43_148__r1c1.jpg,0.0213
Duodenum_CHGA_Female_43_148__r1c2.jpg,0.3457
Duodenum_CHGA_Female_43_148__r1c3.jpg,0.2825
Duodenum_CHGA_Female_43_148__r1c4.jpg,0.2534
Duodenum_CHGA_Female_43_148__r1c5.jpg,0.2075
Duodenum_CHGA_Female_43_148__r1c6.jpg,0.1159
Duodenum_CHGA_Female_43_148__r1c7.jpg,0.0005
Duodenum_CHGA_Female_43_148__r2c0.jpg,0.0000
Duodenum_CHGA_Female_43_148__r2c1.jpg,0.2975
Duodenum_CHGA_Female_43_148__r2c2.jpg,0.3297
Duodenum_CHGA_Female_43_148__r2c3.jpg,0.4517
Duodenum_CHGA_Female_43_148__r2c4.jpg,0.4230
Duodenum_CHGA_Female_43_148__r2c5.jpg,0.1788
Duodenum_CHGA_Female_43_148__r2c6.jpg,0.1728
Duodenum_CHGA_Female_43_148__r2c7.jpg,0.0816
Duodenum_CHGA_Female_43_148__r3c0.jpg,0.0030
Duodenum_CHGA_Female_43_148__r3c1.jpg,0.4877
Duodenum_CHGA_Female_43_148__r3c2.jpg,0.3145
Duodenum_CHGA_Female_43_148__r3c3.jpg,0.2725
Duodenum_CHGA_Female_43_148__r3c4.jpg,0.2905
Duodenum_CHGA_Female_43_148__r3c5.jpg,0.1705
Duodenum_CHGA_Female_43_148__r3c6.jpg,0.2333
Duodenum_CHGA_Female_43_148__r3c7.jpg,0.1065
Duodenum_CHGA_Female_43_148__r4c0.jpg,0.0008
Duodenum_CHGA_Female_43_148__r4c1.jpg,0.5210
Duodenum_CHGA_Female_43_148__r4c2.jpg,0.5160
Duodenum_CHGA_Female_43_148__r4c3.jpg,0.1960
Duodenum_CHGA_Female_43_148__r4c4.jpg,0.3084
Duodenum_CHGA_Female_43_148__r4c5.jpg,0.2329
Duodenum_CHGA_Female_43_148__r4c6.jpg,0.2704
Duodenum_CHGA_Female_43_148__r4c7.jpg,0.1038
Duodenum_CHGA_Female_43_148__r5c0.jpg,0.0000
Duodenum_CHGA_Female_43_148__r5c1.jpg,0.2032
Duodenum_CHGA_Female_43_148__r5c2.jpg,0.5854
Duodenum_CHGA_Female_43_148__r5c3.jpg,0.4895
Duodenum_CHGA_Female_43_148__r5c4.jpg,0.3805
Duodenum_CHGA_Female_43_148__r5c5.jpg,0.2894
Duodenum_CHGA_Female_43_148__r5c6.jpg,0.2825
Duodenum_CHGA_Female_43_148__r5c7.jpg,0.0301
Duodenum_CHGA_Female_43_148__r6c0.jpg,0.0004
Duodenum_CHGA_Female_43_148__r6c1.jpg,0.0000
Duodenum_CHGA_Female_43_148__r6c2.jpg,0.1902
Duodenum_CHGA_Female_43_148__r6c3.jpg,0.4485
Duodenum_CHGA_Female_43_148__r6c4.jpg,0.3150
Duodenum_CHGA_Female_43_148__r6c5.jpg,0.2258
Duodenum_CHGA_Female_43_148__r6c6.jpg,0.0600
Duodenum_CHGA_Female_43_148__r6c7.jpg,0.0002
Duodenum_CHGA_Female_43_148__r7c0.jpg,0.0000
Duodenum_CHGA_Female_43_148__r7c1.jpg,0.0000
Duodenum_CHGA_Female_43_148__r7c2.jpg,0.0000
Duodenum_CHGA_Female_43_148__r7c3.jpg,0.0000
Duodenum_CHGA_Female_43_148__r7c4.jpg,0.0000
Duodenum_CHGA_Female_43_148__r7c5.jpg,0.0004
Duodenum_CHGA_Female_43_148__r7c6.jpg,0.0000
Duodenum_CHGA_Female_43_148__r7c7.jpg,0.0000
Small_intestine_ACBD5_Male_71_2411__r0c0.jpg,0.0001
Small_intestine_ACBD5_Male_71_2411__r0c1.jpg,0.0001
Small_intestine_ACBD5_Male_71_2411__r0c2.jpg,0.0000
Small_intestine_ACBD5_Male_71_2411__r0c3.jpg,0.0167
Small_intestine_ACBD5_Male_71_2411__r0c4.jpg,0.1961
Small_intestine_ACBD5_Male_71_2411__r0c5.jpg,0.0617
Small_intestine_ACBD5_Male_71_2411__r0c6.jpg,0.0000
Small_intestine_ACBD5_Male_71_2411__r0c7.jpg,0.0000
Small_intestine_ACBD5_Male_71_2411__r1c0.jpg,0.0000
Small_intestine_ACBD5_Male_71_2411__r1c1.jpg,0.0000
Small_intestine_ACBD5_Male_71_2411__r1c2.jpg,0.0055
Small_intestine_ACBD5_Male_71_2411__r1c3.jpg,0.3224
Small_intestine_ACBD5_Male_71_2411__r1c4.jpg,0.9155
Small_intestine_ACBD5_Male_71_2411__r1c5.jpg,0.8288
Small_intestine_ACBD5_Male_71_2411__r1c6.jpg,0.3063
Small_intestine_ACBD5_Male_71_2411__r1c7.jpg,0.0000
Small_intestine_ACBD5_Male_71_2411__r2c0.jpg,0.0000
Small_intestine_ACBD5_Male_71_2411__r2c1.jpg,0.0029
Small_intestine_ACBD5_Male_71_2411__r2c2.jpg,0.0015
Small_intestine_ACBD5_Male_71_2411__r2c3.jpg,0.5333
Small_intestine_ACBD5_Male_71_2411__r2c4.jpg,0.8725
Small_intestine_ACBD5_Male_71_2411__r2c5.jpg,0.8440
Small_intestine_ACBD5_Male_71_2411__r2c6.jpg,0.7497
Small_intestine_ACBD5_Male_71_2411__r2c7.jpg,0.0674
Small_intestine_ACBD5_Male_71_2411__r3c0.jpg,0.0000
Small_intestine_ACBD5_Male_71_2411__r3c1.jpg,0.0315
Small_intestine_ACBD5_Male_71_2411__r3c2.jpg,0.0312
Small_intestine_ACBD5_Male_71_2411__r3c3.jpg,0.5374
Small_intestine_ACBD5_Male_71_2411__r3c4.jpg,0.8774
Small_intestine_ACBD5_Male_71_2411__r3c5.jpg,0.8299
Small_intestine_ACBD5_Male_71_2411__r3c6.jpg,0.8931
Small_intestine_ACBD5_Male_71_2411__r3c7.jpg,0.2895
Small_intestine_ACBD5_Male_71_2411__r4c0.jpg,0.0001
Small_intestine_ACBD5_Male_71_2411__r4c1.jpg,0.0866
Small_intestine_ACBD5_Male_71_2411__r4c2.jpg,0.0498
Small_intestine_ACBD5_Male_71_2411__r4c3.jpg,0.4650
Small_intestine_ACBD5_Male_71_2411__r4c4.jpg,0.9239
Small_intestine_ACBD5_Male_71_2411__r4c5.jpg,0.9184
Small_intestine_ACBD5_Male_71_2411__r4c6.jpg,0.8508
Small_intestine_ACBD5_Male_71_2411__r4c7.jpg,0.3432
Small_intestine_ACBD5_Male_71_2411__r5c0.jpg,0.0008
Small_intestine_ACBD5_Male_71_2411__r5c1.jpg,0.0484
Small_intestine_ACBD5_Male_71_2411__r5c2.jpg,0.0923
Small_intestine_ACBD5_Male_71_2411__r5c3.jpg,0.2916
Small_intestine_ACBD5_Male_71_2411__r5c4.jpg,0.9063
Small_intestine_ACBD5_Male_71_2411__r5c5.jpg,0.8486
Small_intestine_ACBD5_Male_71_2411__r5c6.jpg,0.8028
Small_intestine_ACBD5_Male_71_2411__r5c7.jpg,0.1307
Small_intestine_ACBD5_Male_71_2411__r6c0.jpg,0.0000
Small_intestine_ACBD5_Male_71_2411__r6c1.jpg,0.0000
Small_intestine_ACBD5_Male_71_2411__r6c2.jpg,0.0804
Small_intestine_ACBD5_Male_71_2411__r6c3.jpg,0.0511
Small_intestine_ACBD5_Male_71_2411__r6c4.jpg,0.7894
Small_intestine_ACBD5_Male_71_2411__r6c5.jpg,0.7587
Small_intestine_ACBD5_Male_71_2411__r6c6.jpg,0.2821
Small_intestine_ACBD5_Male_71_2411__r6c7.jpg,0.0000
Small_intestine_ACBD5_Male_71_2411__r7c0.jpg,0.0000
Small_intestine_ACBD5_Male_71_2411__r7c1.jpg,0.0000
Small_intestine_ACBD5_Male_71_2411__r7c2.jpg,0.0000
Small_intestine_ACBD5_Male_71_2411__r7c3.jpg,0.0047
Small_intestine_ACBD5_Male_71_2411__r7c4.jpg,0.1142
Small_intestine_ACBD5_Male_71_2411__r7c5.jpg,0.0523
Small_intestine_ACBD5_Male_71_2411__r7c6.jpg,0.0000
Small_intestine_ACBD5_Male_71_2411__r7c7.jpg,0.0001
Duodenum_C18orf32_Male_35_3219__r0c0.jpg,0.0006
Duodenum_C18orf32_Male_35_3219__r0c1.jpg,0.0001
Duodenum_C18orf32_Male_35_3219__r0c2.jpg,0.0357
Duodenum_C18orf32_Male_35_3219__r0c3.jpg,0.1574
Duodenum_C18orf32_Male_35_3219__r0c4.jpg,0.0170
Duodenum_C18orf32_Male_35_3219__r0c5.jpg,0.0690
Duodenum_C18orf32_Male_35_3219__r0c6.jpg,0.0002
Duodenum_C18orf32_Male_35_3219__r0c7.jpg,0.0015
Duodenum_C18orf32_Male_35_3219__r1c0.jpg,0.0002
Duodenum_C18orf32_Male_35_3219__r1c1.jpg,0.1570
Duodenum_C18orf32_Male_35_3219__r1c2.jpg,0.4643
Duodenum_C18orf32_Male_35_3219__r1c3.jpg,0.1905
Duodenum_C18orf32_Male_35_3219__r1c4.jpg,0.1572
Duodenum_C18orf32_Male_35_3219__r1c5.jpg,0.4533
Duodenum_C18orf32_Male_35_3219__r1c6.jpg,0.4409
Duodenum_C18orf32_Male_35_3219__r1c7.jpg,0.0551
Duodenum_C18orf32_Male_35_3219__r2c0.jpg,0.0671
Duodenum_C18orf32_Male_35_3219__r2c1.jpg,0.3091
Duodenum_C18orf32_Male_35_3219__r2c2.jpg,0.2624
Duodenum_C18orf32_Male_35_3219__r2c3.jpg,0.3165
Duodenum_C18orf32_Male_35_3219__r2c4.jpg,0.5182
Duodenum_C18orf32_Male_35_3219__r2c5.jpg,0.6478
Duodenum_C18orf32_Male_35_3219__r2c6.jpg,0.9461
Duodenum_C18orf32_Male_35_3219__r2c7.jpg,0.5374
Duodenum_C18orf32_Male_35_3219__r3c0.jpg,0.1365
Duodenum_C18orf32_Male_35_3219__r3c1.jpg,0.2962
Duodenum_C18orf32_Male_35_3219__r3c2.jpg,0.3790
Duodenum_C18orf32_Male_35_3219__r3c3.jpg,0.7258
Duodenum_C18orf32_Male_35_3219__r3c4.jpg,0.7235
Duodenum_C18orf32_Male_35_3219__r3c5.jpg,0.8269
Duodenum_C18orf32_Male_35_3219__r3c6.jpg,0.9415
Duodenum_C18orf32_Male_35_3219__r3c7.jpg,0.6889
Duodenum_C18orf32_Male_35_3219__r4c0.jpg,0.0695
Duodenum_C18orf32_Male_35_3219__r4c1.jpg,0.2292
Duodenum_C18orf32_Male_35_3219__r4c2.jpg,0.3393
Duodenum_C18orf32_Male_35_3219__r4c3.jpg,0.6873
Duodenum_C18orf32_Male_35_3219__r4c4.jpg,0.7161
Duodenum_C18orf32_Male_35_3219__r4c5.jpg,0.8445
Duodenum_C18orf32_Male_35_3219__r4c6.jpg,0.9481
Duodenum_C18orf32_Male_35_3219__r4c7.jpg,0.5479
Duodenum_C18orf32_Male_35_3219__r5c0.jpg,0.0028
Duodenum_C18orf32_Male_35_3219__r5c1.jpg,0.2796
Duodenum_C18orf32_Male_35_3219__r5c2.jpg,0.5118
Duodenum_C18orf32_Male_35_3219__r5c3.jpg,0.7347
Duodenum_C18orf32_Male_35_3219__r5c4.jpg,0.9033
Duodenum_C18orf32_Male_35_3219__r5c5.jpg,0.8928
Duodenum_C18orf32_Male_35_3219__r5c6.jpg,0.9031
Duodenum_C18orf32_Male_35_3219__r5c7.jpg,0.1994
Duodenum_C18orf32_Male_35_3219__r6c0.jpg,0.0001
Duodenum_C18orf32_Male_35_3219__r6c1.jpg,0.2334
Duodenum_C18orf32_Male_35_3219__r6c2.jpg,0.6108
Duodenum_C18orf32_Male_35_3219__r6c3.jpg,0.7685
Duodenum_C18orf32_Male_35_3219__r6c4.jpg,0.8648
Duodenum_C18orf32_Male_35_3219__r6c5.jpg,0.8949
Duodenum_C18orf32_Male_35_3219__r6c6.jpg,0.3004
Duodenum_C18orf32_Male_35_3219__r6c7.jpg,0.0001
Duodenum_C18orf32_Male_35_3219__r7c0.jpg,0.0001
Duodenum_C18orf32_Male_35_3219__r7c1.jpg,0.0001
Duodenum_C18orf32_Male_35_3219__r7c2.jpg,0.1020
Duodenum_C18orf32_Male_35_3219__r7c3.jpg,0.2701
Duodenum_C18orf32_Male_35_3219__r7c4.jpg,0.2902
Duodenum_C18orf32_Male_35_3219__r7c5.jpg,0.0693
Duodenum_C18orf32_Male_35_3219__r7c6.jpg,0.0001
Duodenum_C18orf32_Male_35_3219__r7c7.jpg,0.0004
Duodenum_AAGAB_Female_62_3515__r0c0.jpg,0.0000
Duodenum_AAGAB_Female_62_3515__r0c1.jpg,0.0002
Duodenum_AAGAB_Female_62_3515__r0c2.jpg,0.1764
Duodenum_AAGAB_Female_62_3515__r0c3.jpg,0.2396
Duodenum_AAGAB_Female_62_3515__r0c4.jpg,0.1297
Duodenum_AAGAB_Female_62_3515__r0c5.jpg,0.0250
Duodenum_AAGAB_Female_62_3515__r0c6.jpg,0.0000
Duodenum_AAGAB_Female_62_3515__r0c7.jpg,0.0003
Duodenum_AAGAB_Female_62_3515__r1c0.jpg,0.0001
Duodenum_AAGAB_Female_62_3515__r1c1.jpg,0.3566
Duodenum_AAGAB_Female_62_3515__r1c2.jpg,0.8140
Duodenum_AAGAB_Female_62_3515__r1c3.jpg,0.6830
Duodenum_AAGAB_Female_62_3515__r1c4.jpg,0.7160
Duodenum_AAGAB_Female_62_3515__r1c5.jpg,0.4923
Duodenum_AAGAB_Female_62_3515__r1c6.jpg,0.1897
Duodenum_AAGAB_Female_62_3515__r1c7.jpg,0.0000
Duodenum_AAGAB_Female_62_3515__r2c0.jpg,0.0558
Duodenum_AAGAB_Female_62_3515__r2c1.jpg,0.8308
Duodenum_AAGAB_Female_62_3515__r2c2.jpg,0.9002
Duodenum_AAGAB_Female_62_3515__r2c3.jpg,0.7504
Duodenum_AAGAB_Female_62_3515__r2c4.jpg,0.3469
Duodenum_AAGAB_Female_62_3515__r2c5.jpg,0.3418
Duodenum_AAGAB_Female_62_3515__r2c6.jpg,0.2009
Duodenum_AAGAB_Female_62_3515__r2c7.jpg,0.0004
Duodenum_AAGAB_Female_62_3515__r3c0.jpg,0.1405
Duodenum_AAGAB_Female_62_3515__r3c1.jpg,0.7635
Duodenum_AAGAB_Female_62_3515__r3c2.jpg,0.9430
Duodenum_AAGAB_Female_62_3515__r3c3.jpg,0.9134
Duodenum_AAGAB_Female_62_3515__r3c4.jpg,0.3234
Duodenum_AAGAB_Female_62_3515__r3c5.jpg,0.1239
Duodenum_AAGAB_Female_62_3515__r3c6.jpg,0.1603
Duodenum_AAGAB_Female_62_3515__r3c7.jpg,0.0009
Duodenum_AAGAB_Female_62_3515__r4c0.jpg,0.0499
Duodenum_AAGAB_Female_62_3515__r4c1.jpg,0.6733
Duodenum_AAGAB_Female_62_3515__r4c2.jpg,0.9448
Duodenum_AAGAB_Female_62_3515__r4c3.jpg,0.8760
Duodenum_AAGAB_Female_62_3515__r4c4.jpg,0.5657
Duodenum_AAGAB_Female_62_3515__r4c5.jpg,0.7920
Duodenum_AAGAB_Female_62_3515__r4c6.jpg,0.2739
Duodenum_AAGAB_Female_62_3515__r4c7.jpg,0.0039
Duodenum_AAGAB_Female_62_3515__r5c0.jpg,0.0001
Duodenum_AAGAB_Female_62_3515__r5c1.jpg,0.6709
Duodenum_AAGAB_Female_62_3515__r5c2.jpg,0.9245
Duodenum_AAGAB_Female_62_3515__r5c3.jpg,0.7773
Duodenum_AAGAB_Female_62_3515__r5c4.jpg,0.8124
Duodenum_AAGAB_Female_62_3515__r5c5.jpg,0.7765
Duodenum_AAGAB_Female_62_3515__r5c6.jpg,0.3583
Duodenum_AAGAB_Female_62_3515__r5c7.jpg,0.0000
Duodenum_AAGAB_Female_62_3515__r6c0.jpg,0.0002
Duodenum_AAGAB_Female_62_3515__r6c1.jpg,0.2578
Duodenum_AAGAB_Female_62_3515__r6c2.jpg,0.8563
Duodenum_AAGAB_Female_62_3515__r6c3.jpg,0.7528
Duodenum_AAGAB_Female_62_3515__r6c4.jpg,0.7954
Duodenum_AAGAB_Female_62_3515__r6c5.jpg,0.7854
Duodenum_AAGAB_Female_62_3515__r6c6.jpg,0.1522
Duodenum_AAGAB_Female_62_3515__r6c7.jpg,0.0000
Duodenum_AAGAB_Female_62_3515__r7c0.jpg,0.0001
Duodenum_AAGAB_Female_62_3515__r7c1.jpg,0.0000
Duodenum_AAGAB_Female_62_3515__r7c2.jpg,0.0765
Duodenum_AAGAB_Female_62_3515__r7c3.jpg,0.2789
Duodenum_AAGAB_Female_62_3515__r7c4.jpg,0.2909
Duodenum_AAGAB_Female_62_3515__r7c5.jpg,0.0860
Duodenum_AAGAB_Female_62_3515__r7c6.jpg,0.0000
Duodenum_AAGAB_Female_62_3515__r7c7.jpg,0.0000
Duodenum_COX4I1_Male_66_2329__r0c0.jpg,0.0003
Duodenum_COX4I1_Male_66_2329__r0c1.jpg,0.0004
Duodenum_COX4I1_Male_66_2329__r0c2.jpg,0.0105
Duodenum_COX4I1_Male_66_2329__r0c3.jpg,0.0987
Duodenum_COX4I1_Male_66_2329__r0c4.jpg,0.0046
Duodenum_COX4I1_Male_66_2329__r0c5.jpg,0.0257
Duodenum_COX4I1_Male_66_2329__r0c6.jpg,0.0143
Duodenum_COX4I1_Male_66_2329__r0c7.jpg,0.0000
Duodenum_COX4I1_Male_66_2329__r1c0.jpg,0.0001
Duodenum_COX4I1_Male_66_2329__r1c1.jpg,0.0144
Duodenum_COX4I1_Male_66_2329__r1c2.jpg,0.2481
Duodenum_COX4I1_Male_66_2329__r1c3.jpg,0.3397
Duodenum_COX4I1_Male_66_2329__r1c4.jpg,0.2117
Duodenum_COX4I1_Male_66_2329__r1c5.jpg,0.3298
Duodenum_COX4I1_Male_66_2329__r1c6.jpg,0.1329
Duodenum_COX4I1_Male_66_2329__r1c7.jpg,0.0007
Duodenum_COX4I1_Male_66_2329__r2c0.jpg,0.0376
Duodenum_COX4I1_Male_66_2329__r2c1.jpg,0.1558
Duodenum_COX4I1_Male_66_2329__r2c2.jpg,0.2036
Duodenum_COX4I1_Male_66_2329__r2c3.jpg,0.3034
Duodenum_COX4I1_Male_66_2329__r2c4.jpg,0.3541
Duodenum_COX4I1_Male_66_2329__r2c5.jpg,0.3318
Duodenum_COX4I1_Male_66_2329__r2c6.jpg,0.3031
Duodenum_COX4I1_Male_66_2329__r2c7.jpg,0.1813
Duodenum_COX4I1_Male_66_2329__r3c0.jpg,0.3143
Duodenum_COX4I1_Male_66_2329__r3c1.jpg,0.6208
Duodenum_COX4I1_Male_66_2329__r3c2.jpg,0.6648
Duodenum_COX4I1_Male_66_2329__r3c3.jpg,0.4661
Duodenum_COX4I1_Male_66_2329__r3c4.jpg,0.6265
Duodenum_COX4I1_Male_66_2329__r3c5.jpg,0.8413
Duodenum_COX4I1_Male_66_2329__r3c6.jpg,0.7632
Duodenum_COX4I1_Male_66_2329__r3c7.jpg,0.4304
Duodenum_COX4I1_Male_66_2329__r4c0.jpg,0.4592
Duodenum_COX4I1_Male_66_2329__r4c1.jpg,0.8413
Duodenum_COX4I1_Male_66_2329__r4c2.jpg,0.7491
Duodenum_COX4I1_Male_66_2329__r4c3.jpg,0.6811
Duodenum_COX4I1_Male_66_2329__r4c4.jpg,0.6315
Duodenum_COX4I1_Male_66_2329__r4c5.jpg,0.8042
Duodenum_COX4I1_Male_66_2329__r4c6.jpg,0.7891
Duodenum_COX4I1_Male_66_2329__r4c7.jpg,0.4681
Duodenum_COX4I1_Male_66_2329__r5c0.jpg,0.2223
Duodenum_COX4I1_Male_66_2329__r5c1.jpg,0.7003
Duodenum_COX4I1_Male_66_2329__r5c2.jpg,0.7693
Duodenum_COX4I1_Male_66_2329__r5c3.jpg,0.7282
Duodenum_COX4I1_Male_66_2329__r5c4.jpg,0.7710
Duodenum_COX4I1_Male_66_2329__r5c5.jpg,0.7116
Duodenum_COX4I1_Male_66_2329__r5c6.jpg,0.6524
Duodenum_COX4I1_Male_66_2329__r5c7.jpg,0.2413
Duodenum_COX4I1_Male_66_2329__r6c0.jpg,0.0007
Duodenum_COX4I1_Male_66_2329__r6c1.jpg,0.4705
Duodenum_COX4I1_Male_66_2329__r6c2.jpg,0.6657
Duodenum_COX4I1_Male_66_2329__r6c3.jpg,0.6716
Duodenum_COX4I1_Male_66_2329__r6c4.jpg,0.5992
Duodenum_COX4I1_Male_66_2329__r6c5.jpg,0.6219
Duodenum_COX4I1_Male_66_2329__r6c6.jpg,0.3137
Duodenum_COX4I1_Male_66_2329__r6c7.jpg,0.0144
Duodenum_COX4I1_Male_66_2329__r7c0.jpg,0.0005
Duodenum_COX4I1_Male_66_2329__r7c1.jpg,0.0091
Duodenum_COX4I1_Male_66_2329__r7c2.jpg,0.2247
Duodenum_COX4I1_Male_66_2329__r7c3.jpg,0.3508
Duodenum_COX4I1_Male_66_2329__r7c4.jpg,0.3529
Duodenum_COX4I1_Male_66_2329__r7c5.jpg,0.1617
Duodenum_COX4I1_Male_66_2329__r7c6.jpg,0.0020
Duodenum_COX4I1_Male_66_2329__r7c7.jpg,0.0004
Small_intestine_ABCD3_Male_66_4202__r0c0.jpg,0.0000
Small_intestine_ABCD3_Male_66_4202__r0c1.jpg,0.0000
Small_intestine_ABCD3_Male_66_4202__r0c2.jpg,0.0000
Small_intestine_ABCD3_Male_66_4202__r0c3.jpg,0.0537
Small_intestine_ABCD3_Male_66_4202__r0c4.jpg,0.0566
Small_intestine_ABCD3_Male_66_4202__r0c5.jpg,0.0000
Small_intestine_ABCD3_Male_66_4202__r0c6.jpg,0.0000
Small_intestine_ABCD3_Male_66_4202__r0c7.jpg,0.0000
Small_intestine_ABCD3_Male_66_4202__r1c0.jpg,0.0000
Small_intestine_ABCD3_Male_66_4202__r1c1.jpg,0.0621
Small_intestine_ABCD3_Male_66_4202__r1c2.jpg,0.4724
Small_intestine_ABCD3_Male_66_4202__r1c3.jpg,0.6973
Small_intestine_ABCD3_Male_66_4202__r1c4.jpg,0.6805
Small_intestine_ABCD3_Male_66_4202__r1c5.jpg,0.5268
Small_intestine_ABCD3_Male_66_4202__r1c6.jpg,0.0481
Small_intestine_ABCD3_Male_66_4202__r1c7.jpg,0.0000
Small_intestine_ABCD3_Male_66_4202__r2c0.jpg,0.0000
Small_intestine_ABCD3_Male_66_4202__r2c1.jpg,0.5077
Small_intestine_ABCD3_Male_66_4202__r2c2.jpg,0.5536
Small_intestine_ABCD3_Male_66_4202__r2c3.jpg,0.4622
Small_intestine_ABCD3_Male_66_4202__r2c4.jpg,0.7249
Small_intestine_ABCD3_Male_66_4202__r2c5.jpg,0.7511
Small_intestine_ABCD3_Male_66_4202__r2c6.jpg,0.4843
Small_intestine_ABCD3_Male_66_4202__r2c7.jpg,0.0000
Small_intestine_ABCD3_Male_66_4202__r3c0.jpg,0.0734
Small_intestine_ABCD3_Male_66_4202__r3c1.jpg,0.7260
Small_intestine_ABCD3_Male_66_4202__r3c2.jpg,0.4971
Small_intestine_ABCD3_Male_66_4202__r3c3.jpg,0.1172
Small_intestine_ABCD3_Male_66_4202__r3c4.jpg,0.6890
Small_intestine_ABCD3_Male_66_4202__r3c5.jpg,0.7282
Small_intestine_ABCD3_Male_66_4202__r3c6.jpg,0.7532
Small_intestine_ABCD3_Male_66_4202__r3c7.jpg,0.0161
Small_intestine_ABCD3_Male_66_4202__r4c0.jpg,0.0757
Small_intestine_ABCD3_Male_66_4202__r4c1.jpg,0.7500
Small_intestine_ABCD3_Male_66_4202__r4c2.jpg,0.2633
Small_intestine_ABCD3_Male_66_4202__r4c3.jpg,0.1718
Small_intestine_ABCD3_Male_66_4202__r4c4.jpg,0.6407
Small_intestine_ABCD3_Male_66_4202__r4c5.jpg,0.7463
Small_intestine_ABCD3_Male_66_4202__r4c6.jpg,0.7807
Small_intestine_ABCD3_Male_66_4202__r4c7.jpg,0.0015
Small_intestine_ABCD3_Male_66_4202__r5c0.jpg,0.0000
Small_intestine_ABCD3_Male_66_4202__r5c1.jpg,0.2199
Small_intestine_ABCD3_Male_66_4202__r5c2.jpg,0.0364
Small_intestine_ABCD3_Male_66_4202__r5c3.jpg,0.1373
Small_intestine_ABCD3_Male_66_4202__r5c4.jpg,0.7260
Small_intestine_ABCD3_Male_66_4202__r5c5.jpg,0.7780
Small_intestine_ABCD3_Male_66_4202__r5c6.jpg,0.6031
Small_intestine_ABCD3_Male_66_4202__r5c7.jpg,0.0000
Small_intestine_ABCD3_Male_66_4202__r6c0.jpg,0.0000
Small_intestine_ABCD3_Male_66_4202__r6c1.jpg,0.0002
Small_intestine_ABCD3_Male_66_4202__r6c2.jpg,0.0117
Small_intestine_ABCD3_Male_66_4202__r6c3.jpg,0.0000
Small_intestine_ABCD3_Male_66_4202__r6c4.jpg,0.3316
Small_intestine_ABCD3_Male_66_4202__r6c5.jpg,0.6180
Small_intestine_ABCD3_Male_66_4202__r6c6.jpg,0.1149
Small_intestine_ABCD3_Male_66_4202__r6c7.jpg,0.0000
Small_intestine_ABCD3_Male_66_4202__r7c0.jpg,0.0014
Small_intestine_ABCD3_Male_66_4202__r7c1.jpg,0.0000
Small_intestine_ABCD3_Male_66_4202__r7c2.jpg,0.0001
Small_intestine_ABCD3_Male_66_4202__r7c3.jpg,0.0000
Small_intestine_ABCD3_Male_66_4202__r7c4.jpg,0.0323
Small_intestine_ABCD3_Male_66_4202__r7c5.jpg,0.0033
Small_intestine_ABCD3_Male_66_4202__r7c6.jpg,0.0000
Small_intestine_ABCD3_Male_66_4202__r7c7.jpg,0.0000
Small_intestine_ADPGK_Male_68_2471__r0c0.jpg,0.0001
Small_intestine_ADPGK_Male_68_2471__r0c1.jpg,0.0000
Small_intestine_ADPGK_Male_68_2471__r0c2.jpg,0.2068
Small_intestine_ADPGK_Male_68_2471__r0c3.jpg,0.4133
Small_intestine_ADPGK_Male_68_2471__r0c4.jpg,0.3468
Small_intestine_ADPGK_Male_68_2471__r0c5.jpg,0.2144
Small_intestine_ADPGK_Male_68_2471__r0c6.jpg,0.0040
Small_intestine_ADPGK_Male_68_2471__r0c7.jpg,0.0001
Small_intestine_ADPGK_Male_68_2471__r1c0.jpg,0.0004
Small_intestine_ADPGK_Male_68_2471__r1c1.jpg,0.4188
Small_intestine_ADPGK_Male_68_2471__r1c2.jpg,0.7015
Small_intestine_ADPGK_Male_68_2471__r1c3.jpg,0.6739
Small_intestine_ADPGK_Male_68_2471__r1c4.jpg,0.6066
Small_intestine_ADPGK_Male_68_2471__r1c5.jpg,0.5118
Small_intestine_ADPGK_Male_68_2471__r1c6.jpg,0.4691
Small_intestine_ADPGK_Male_68_2471__r1c7.jpg,0.0144
Small_intestine_ADPGK_Male_68_2471__r2c0.jpg,0.1425
Small_intestine_ADPGK_Male_68_2471__r2c1.jpg,0.7385
Small_intestine_ADPGK_Male_68_2471__r2c2.jpg,0.7864
Small_intestine_ADPGK_Male_68_2471__r2c3.jpg,0.7612
Small_intestine_ADPGK_Male_68_2471__r2c4.jpg,0.7518
Small_intestine_ADPGK_Male_68_2471__r2c5.jpg,0.7241
Small_intestine_ADPGK_Male_68_2471__r2c6.jpg,0.6941
Small_intestine_ADPGK_Male_68_2471__r2c7.jpg,0.2971
Small_intestine_ADPGK_Male_68_2471__r3c0.jpg,0.4767
Small_intestine_ADPGK_Male_68_2471__r3c1.jpg,0.7940
Small_intestine_ADPGK_Male_68_2471__r3c2.jpg,0.9165
Small_intestine_ADPGK_Male_68_2471__r3c3.jpg,0.8945
Small_intestine_ADPGK_Male_68_2471__r3c4.jpg,0.8448
Small_intestine_ADPGK_Male_68_2471__r3c5.jpg,0.8346
Small_intestine_ADPGK_Male_68_2471__r3c6.jpg,0.7351
Small_intestine_ADPGK_Male_68_2471__r3c7.jpg,0.4625
Small_intestine_ADPGK_Male_68_2471__r4c0.jpg,0.5441
Small_intestine_ADPGK_Male_68_2471__r4c1.jpg,0.7978
Small_intestine_ADPGK_Male_68_2471__r4c2.jpg,0.9440
Small_intestine_ADPGK_Male_68_2471__r4c3.jpg,0.8784
Small_intestine_ADPGK_Male_68_2471__r4c4.jpg,0.9195
Small_intestine_ADPGK_Male_68_2471__r4c5.jpg,0.8997
Small_intestine_ADPGK_Male_68_2471__r4c6.jpg,0.7478
Small_intestine_ADPGK_Male_68_2471__r4c7.jpg,0.4129
Small_intestine_ADPGK_Male_68_2471__r5c0.jpg,0.2928
Small_intestine_ADPGK_Male_68_2471__r5c1.jpg,0.9494
Small_intestine_ADPGK_Male_68_2471__r5c2.jpg,0.9583
Small_intestine_ADPGK_Male_68_2471__r5c3.jpg,0.9603
Small_intestine_ADPGK_Male_68_2471__r5c4.jpg,0.9736
Small_intestine_ADPGK_Male_68_2471__r5c5.jpg,0.9372
Small_intestine_ADPGK_Male_68_2471__r5c6.jpg,0.7748
Small_intestine_ADPGK_Male_68_2471__r5c7.jpg,0.3531
Small_intestine_ADPGK_Male_68_2471__r6c0.jpg,0.0014
Small_intestine_ADPGK_Male_68_2471__r6c1.jpg,0.4641
Small_intestine_ADPGK_Male_68_2471__r6c2.jpg,0.8409
Small_intestine_ADPGK_Male_68_2471__r6c3.jpg,0.8435
Small_intestine_ADPGK_Male_68_2471__r6c4.jpg,0.7542
Small_intestine_ADPGK_Male_68_2471__r6c5.jpg,0.8644
Small_intestine_ADPGK_Male_68_2471__r6c6.jpg,0.5451
Small_intestine_ADPGK_Male_68_2471__r6c7.jpg,0.0414
Small_intestine_ADPGK_Male_68_2471__r7c0.jpg,0.0001
Small_intestine_ADPGK_Male_68_2471__r7c1.jpg,0.0036
Small_intestine_ADPGK_Male_68_2471__r7c2.jpg,0.1697
Small_intestine_ADPGK_Male_68_2471__r7c3.jpg,0.2832
Small_intestine_ADPGK_Male_68_2471__r7c4.jpg,0.2403
Small_intestine_ADPGK_Male_68_2471__r7c5.jpg,0.1786
Small_intestine_ADPGK_Male_68_2471__r7c6.jpg,0.0071
Small_intestine_ADPGK_Male_68_2471__r7c7.jpg,0.0000
Duodenum_ACSM2B_Male_59_1961__r0c0.jpg,0.0000
Duodenum_ACSM2B_Male_59_1961__r0c1.jpg,0.0000
Duodenum_ACSM2B_Male_59_1961__r0c2.jpg,0.0308
Duodenum_ACSM2B_Male_59_1961__r0c3.jpg,0.1639
Duodenum_ACSM2B_Male_59_1961__r0c4.jpg,0.1022
Duodenum_ACSM2B_Male_59_1961__r0c5.jpg,0.0178
Duodenum_ACSM2B_Male_59_1961__r0c6.jpg,0.0000
Duodenum_ACSM2B_Male_59_1961__r0c7.jpg,0.0000
Duodenum_ACSM2B_Male_59_1961__r1c0.jpg,0.0000
Duodenum_ACSM2B_Male_59_1961__r1c1.jpg,0.1664
Duodenum_ACSM2B_Male_59_1961__r1c2.jpg,0.2922
Duodenum_ACSM2B_Male_59_1961__r1c3.jpg,0.4583
Duodenum_ACSM2B_Male_59_1961__r1c4.jpg,0.1696
Duodenum_ACSM2B_Male_59_1961__r1c5.jpg,0.4133
Duodenum_ACSM2B_Male_59_1961__r1c6.jpg,0.1630
Duodenum_ACSM2B_Male_59_1961__r1c7.jpg,0.0000
Duodenum_ACSM2B_Male_59_1961__r2c0.jpg,0.0430
Duodenum_ACSM2B_Male_59_1961__r2c1.jpg,0.4862
Duodenum_ACSM2B_Male_59_1961__r2c2.jpg,0.4901
Duodenum_ACSM2B_Male_59_1961__r2c3.jpg,0.4235
Duodenum_ACSM2B_Male_59_1961__r2c4.jpg,0.3344
Duodenum_ACSM2B_Male_59_1961__r2c5.jpg,0.3986
Duodenum_ACSM2B_Male_59_1961__r2c6.jpg,0.3087
Duodenum_ACSM2B_Male_59_1961__r2c7.jpg,0.0700
Duodenum_ACSM2B_Male_59_1961__r3c0.jpg,0.1955
Duodenum_ACSM2B_Male_59_1961__r3c1.jpg,0.5332
Duodenum_ACSM2B_Male_59_1961__r3c2.jpg,0.5000
Duodenum_ACSM2B_Male_59_1961__r3c3.jpg,0.5272
Duodenum_ACSM2B_Male_59_1961__r3c4.jpg,0.4982
Duodenum_ACSM2B_Male_59_1961__r3c5.jpg,0.5579
Duodenum_ACSM2B_Male_59_1961__r3c6.jpg,0.4755
Duodenum_ACSM2B_Male_59_1961__r3c7.jpg,0.2953
Duodenum_ACSM2B_Male_59_1961__r4c0.jpg,0.1910
Duodenum_ACSM2B_Male_59_1961__r4c1.jpg,0.5868
Duodenum_ACSM2B_Male_59_1961__r4c2.jpg,0.5334
Duodenum_ACSM2B_Male_59_1961__r4c3.jpg,0.5765
Duodenum_ACSM2B_Male_59_1961__r4c4.jpg,0.4850
Duodenum_ACSM2B_Male_59_1961__r4c5.jpg,0.3799
Duodenum_ACSM2B_Male_59_1961__r4c6.jpg,0.3866
Duodenum_ACSM2B_Male_59_1961__r4c7.jpg,0.3553
Duodenum_ACSM2B_Male_59_1961__r5c0.jpg,0.0013
Duodenum_ACSM2B_Male_59_1961__r5c1.jpg,0.1145
Duodenum_ACSM2B_Male_59_1961__r5c2.jpg,0.2140
Duodenum_ACSM2B_Male_59_1961__r5c3.jpg,0.2999
Duodenum_ACSM2B_Male_59_1961__r5c4.jpg,0.5801
Duodenum_ACSM2B_Male_59_1961__r5c5.jpg,0.5383
Duodenum_ACSM2B_Male_59_1961__r5c6.jpg,0.5165
Duodenum_ACSM2B_Male_59_1961__r5c7.jpg,0.1069
Duodenum_ACSM2B_Male_59_1961__r6c0.jpg,0.0000
Duodenum_ACSM2B_Male_59_1961__r6c1.jpg,0.0248
Duodenum_ACSM2B_Male_59_1961__r6c2.jpg,0.1264
Duodenum_ACSM2B_Male_59_1961__r6c3.jpg,0.4192
Duodenum_ACSM2B_Male_59_1961__r6c4.jpg,0.5096
Duodenum_ACSM2B_Male_59_1961__r6c5.jpg,0.5367
Duodenum_ACSM2B_Male_59_1961__r6c6.jpg,0.3082
Duodenum_ACSM2B_Male_59_1961__r6c7.jpg,0.0000
Duodenum_ACSM2B_Male_59_1961__r7c0.jpg,0.0000
Duodenum_ACSM2B_Male_59_1961__r7c1.jpg,0.0000
Duodenum_ACSM2B_Male_59_1961__r7c2.jpg,0.0011
Duodenum_ACSM2B_Male_59_1961__r7c3.jpg,0.0653
Duodenum_ACSM2B_Male_59_1961__r7c4.jpg,0.2169
Duodenum_ACSM2B_Male_59_1961__r7c5.jpg,0.0793
Duodenum_ACSM2B_Male_59_1961__r7c6.jpg,0.0000
Duodenum_ACSM2B_Male_59_1961__r7c7.jpg,0.0000
