tile_id,image_id,row,col,tissue_fraction,label,label_source
Small_intestine_AGTPBP1_Female_44_1800__r0c0.jpg,Small_intestine_AGTPBP1_Female_44_1800.jpg,0,0,0.0001,no,auto
Small_intestine_AGTPBP1_Female_44_1800__r0c1.jpg,Small_intestine_AGTPBP1_Female_44_1800.jpg,0,1,0.0000,no,auto
Small_intestine_AGTPBP1_Female_44_1800__r0c2.jpg,Small_intestine_AGTPBP1_Female_44_1800.jpg,0,2,0.0404,no,auto
Small_intestine_AGTPBP1_Female_44_1800__r0c6.jpg,Small_intestine_AGTPBP1_Female_44_1800.jpg,0,6,0.0036,no,auto
Small_intestine_AGTPBP1_Female_44_1800__r0c7.jpg,Small_intestine_AGTPBP1_Female_44_1800.jpg,0,7,0.0002,no,auto
Small_intestine_AGTPBP1_Female_44_1800__r1c0.jpg,Small_intestine_AGTPBP1_Female_44_1800.jpg,1,0,0.0002,no,auto
Small_intestine_AGTPBP1_Female_44_1800__r1c7.jpg,Small_intestine_AGTPBP1_Female_44_1800.jpg,1,7,0.0000,no,auto
Small_intestine_AGTPBP1_Female_44_1800__r6c0.jpg,Small_intestine_AGTPBP1_Female_44_1800.jpg,6,0,0.0000,no,auto
Small_intestine_AGTPBP1_Female_44_1800__r6c7.jpg,Small_intestine_AGTPBP1_Female_44_1800.jpg,6,7,0.0004,no,auto
Small_intestine_AGTPBP1_Female_44_1800__r7c0.jpg,Small_intestine_AGTPBP1_Female_44_1800.jpg,7,0,0.0000,no,auto
Small_intestine_AGTPBP1_Female_44_1800__r7c1.jpg,Small_intestine_AGTPBP1_Female_44_1800.jpg,7,1,0.0001,no,auto
Small_intestine_AGTPBP1_Female_44_1800__r7c6.jpg,Small_intestine_AGTPBP1_Female_44_1800.jpg,7,6,0.0001,no,auto
Small_intestine_AGTPBP1_Female_44_1800__r7c7.jpg,Small_intestine_AGTPBP1_Female_44_1800.jpg,7,7,0.0004,no,auto
Small_intestine_ACAA2_Female_64_2450__r0c0.jpg,Small_intestine_ACAA2_Female_64_2450.jpg,0,0,0.0000,no,auto
Small_intestine_ACAA2_Female_64_2450__r0c1.jpg,Small_intestine_ACAA2_Female_64_2450.jpg,0,1,0.0000,no,auto
Small_intestine_ACAA2_Female_64_2450__r0c4.jpg,Small_intestine_ACAA2_Female_64_2450.jpg,0,4,0.0025,no,auto
Small_intestine_ACAA2_Female_64_2450__r0c5.jpg,Small_intestine_ACAA2_Female_64_2450.jpg,0,5,0.0000,no,auto
Small_intestine_ACAA2_Female_64_2450__r0c6.jpg,Small_intestine_ACAA2_Female_64_2450.jpg,0,6,0.0000,no,auto
Small_intestine_ACAA2_Female_64_2450__r0c7.jpg,Small_intestine_ACAA2_Female_64_2450.jpg,0,7,0.0000,no,auto
Small_intestine_ACAA2_Female_64_2450__r1c0.jpg,Small_intestine_ACAA2_Female_64_2450.jpg,1,0,0.0001,no,auto
Small_intestine_ACAA2_Female_64_2450__r1c6.jpg,Small_intestine_ACAA2_Female_64_2450.jpg,1,6,0.0042,no,auto
Small_intestine_ACAA2_Female_64_2450__r1c7.jpg,Small_intestine_ACAA2_Female_64_2450.jpg,1,7,0.0000,no,auto
Small_intestine_ACAA2_Female_64_2450__r2c0.jpg,Small_intestine_ACAA2_Female_64_2450.jpg,2,0,0.0249,no,auto
Small_intestine_ACAA2_Female_64_2450__r2c7.jpg,Small_intestine_ACAA2_Female_64_2450.jpg,2,7,0.0001,no,auto
Small_intestine_ACAA2_Female_64_2450__r3c0.jpg,Small_intestine_ACAA2_Female_64_2450.jpg,3,0,0.0379,no,auto
Small_intestine_ACAA2_Female_64_2450__r3c7.jpg,Small_intestine_ACAA2_Female_64_2450.jpg,3,7,0.0084,no,auto
Small_intestine_ACAA2_Female_64_2450__r4c0.jpg,Small_intestine_ACAA2_Female_64_2450.jpg,4,0,0.0000,no,auto
Small_intestine_ACAA2_Female_64_2450__r5c0.jpg,Small_intestine_ACAA2_Female_64_2450.jpg,5,0,0.0000,no,auto
Small_intestine_ACAA2_Female_64_2450__r5c1.jpg,Small_intestine_ACAA2_Female_64_2450.jpg,5,1,0.0032,no,auto
Small_intestine_ACAA2_Female_64_2450__r6c0.jpg,Small_intestine_ACAA2_Female_64_2450.jpg,6,0,0.0000,no,auto
Small_intestine_ACAA2_Female_64_2450__r6c1.jpg,Small_intestine_ACAA2_Female_64_2450.jpg,6,1,0.0003,no,auto
Small_intestine_ACAA2_Female_64_2450__r6c2.jpg,Small_intestine_ACAA2_Female_64_2450.jpg,6,2,0.0178,no,auto
Small_intestine_ACAA2_Female_64_2450__r6c7.jpg,Small_intestine_ACAA2_Female_64_2450.jpg,6,7,0.0025,no,auto
Small_intestine_ACAA2_Female_64_2450__r7c0.jpg,Small_intestine_ACAA2_Female_64_2450.jpg,7,0,0.0000,no,auto
Small_intestine_ACAA2_Female_64_2450__r7c1.jpg,Small_intestine_ACAA2_Female_64_2450.jpg,7,1,0.0000,no,auto
Small_intestine_ACAA2_Female_64_2450__r7c2.jpg,Small_intestine_ACAA2_Female_64_2450.jpg,7,2,0.0000,no,auto
Small_intestine_ACAA2_Female_64_2450__r7c3.jpg,Small_intestine_ACAA2_Female_64_2450.jpg,7,3,0.0000,no,auto
Small_intestine_ACAA2_Female_64_2450__r7c6.jpg,Small_intestine_ACAA2_Female_64_2450.jpg,7,6,0.0000,no,auto
Small_intestine_ACAA2_Female_64_2450__r7c7.jpg,Small_intestine_ACAA2_Female_64_2450.jpg,7,7,0.0001,no,auto
Duodenum_ATP2B1_Female_53_3413__r0c0.jpg,Duodenum_ATP2B1_Female_53_3413.jpg,0,0,0.0000,no,auto
Duodenum_ATP2B1_Female_53_3413__r0c1.jpg,Duodenum_ATP2B1_Female_53_3413.jpg,0,1,0.0001,no,auto
Duodenum_ATP2B1_Female_53_3413__r0c2.jpg,Duodenum_ATP2B1_Female_53_3413.jpg,0,2,0.0208,no,auto
Duodenum_ATP2B1_Female_53_3413__r0c6.jpg,Duodenum_ATP2B1_Female_53_3413.jpg,0,6,0.0000,no,auto
Duodenum_ATP2B1_Female_53_3413__r0c7.jpg,Duodenum_ATP2B1_Female_53_3413.jpg,0,7,0.0000,no,auto
Duodenum_ATP2B1_Female_53_3413__r1c0.jpg,Duodenum_ATP2B1_Female_53_3413.jpg,1,0,0.0001,no,auto
Duodenum_ATP2B1_Female_53_3413__r1c7.jpg,Duodenum_ATP2B1_Female_53_3413.jpg,1,7,0.0000,no,auto
Duodenum_ATP2B1_Female_53_3413__r6c0.jpg,Duodenum_ATP2B1_Female_53_3413.jpg,6,0,0.0006,no,auto
Duodenum_ATP2B1_Female_53_3413__r6c7.jpg,Duodenum_ATP2B1_Female_53_3413.jpg,6,7,0.0000,no,auto
Duodenum_ATP2B1_Female_53_3413__r7c0.jpg,Duodenum_ATP2B1_Female_53_3413.jpg,7,0,0.0001,no,auto
Duodenum_ATP2B1_Female_53_3413__r7c1.jpg,Duodenum_ATP2B1_Female_53_3413.jpg,7,1,0.0000,no,auto
Duodenum_ATP2B1_Female_53_3413__r7c6.jpg,Duodenum_ATP2B1_Female_53_3413.jpg,7,6,0.0001,no,auto
Duodenum_ATP2B1_Female_53_3413__r7c7.jpg,Duodenum_ATP2B1_Female_53_3413.jpg,7,7,0.0001,no,auto
Duodenum_ACVR2A_Male_55_1920__r0c0.jpg,Duodenum_ACVR2A_Male_55_1920.jpg,0,0,0.0000,no,auto
Duodenum_ACVR2A_Male_55_1920__r0c1.jpg,Duodenum_ACVR2A_Male_55_1920.jpg,0,1,0.0003,no,auto
Duodenum_ACVR2A_Male_55_1920__r0c2.jpg,Duodenum_ACVR2A_Male_55_1920.jpg,0,2,0.0354,no,auto
Duodenum_ACVR2A_Male_55_1920__r0c5.jpg,Duodenum_ACVR2A_Male_55_1920.jpg,0,5,0.0018,no,auto
Duodenum_ACVR2A_Male_55_1920__r0c6.jpg,Duodenum_ACVR2A_Male_55_1920.jpg,0,6,0.0000,no,auto
Duodenum_ACVR2A_Male_55_1920__r0c7.jpg,Duodenum_ACVR2A_Male_55_1920.jpg,0,7,0.0000,no,auto
Duodenum_ACVR2A_Male_55_1920__r1c0.jpg,Duodenum_ACVR2A_Male_55_1920.jpg,1,0,0.0003,no,auto
Duodenum_ACVR2A_Male_55_1920__r1c5.jpg,Duodenum_ACVR2A_Male_55_1920.jpg,1,5,0.0416,no,auto
Duodenum_ACVR2A_Male_55_1920__r1c6.jpg,Duodenum_ACVR2A_Male_55_1920.jpg,1,6,0.0151,no,auto
Duodenum_ACVR2A_Male_55_1920__r1c7.jpg,Duodenum_ACVR2A_Male_55_1920.jpg,1,7,0.0000,no,auto
Duodenum_ACVR2A_Male_55_1920__r2c0.jpg,Duodenum_ACVR2A_Male_55_1920.jpg,2,0,0.0002,no,auto
Duodenum_ACVR2A_Male_55_1920__r2c7.jpg,Duodenum_ACVR2A_Male_55_1920.jpg,2,7,0.0001,no,auto
Duodenum_ACVR2A_Male_55_1920__r3c7.jpg,Duodenum_ACVR2A_Male_55_1920.jpg,3,7,0.0153,no,auto
Duodenum_ACVR2A_Male_55_1920__r4c5.jpg,Duodenum_ACVR2A_Male_55_1920.jpg,4,5,0.0396,no,auto
Duodenum_ACVR2A_Male_55_1920__r5c0.jpg,Duodenum_ACVR2A_Male_55_1920.jpg,5,0,0.0002,no,auto
Duodenum_ACVR2A_Male_55_1920__r5c5.jpg,Duodenum_ACVR2A_Male_55_1920.jpg,5,5,0.0049,no,auto
Duodenum_ACVR2A_Male_55_1920__r5c7.jpg,Duodenum_ACVR2A_Male_55_1920.jpg,5,7,0.0067,no,auto
Duodenum_ACVR2A_Male_55_1920__r6c0.jpg,Duodenum_ACVR2A_Male_55_1920.jpg,6,0,0.0004,no,auto
Duodenum_ACVR2A_Male_55_1920__r6c7.jpg,Duodenum_ACVR2A_Male_55_1920.jpg,6,7,0.0000,no,auto
Duodenum_ACVR2A_Male_55_1920__r7c0.jpg,Duodenum_ACVR2A_Male_55_1920.jpg,7,0,0.0002,no,auto
Duodenum_ACVR2A_Male_55_1920__r7c1.jpg,Duodenum_ACVR2A_Male_55_1920.jpg,7,1,0.0001,no,auto
Duodenum_ACVR2A_Male_55_1920__r7c2.jpg,Duodenum_ACVR2A_Male_55_1920.jpg,7,2,0.0193,no,auto
Duodenum_ACVR2A_Male_55_1920__r7c5.jpg,Duodenum_ACVR2A_Male_55_1920.jpg,7,5,0.0076,no,auto
Duodenum_ACVR2A_Male_55_1920__r7c6.jpg,Duodenum_ACVR2A_Male_55_1920.jpg,7,6,0.0000,no,auto
Duodenum_ACVR2A_Male_55_1920__r7c7.jpg,Duodenum_ACVR2A_Male_55_1920.jpg,7,7,0.0000,no,auto
Small_intestine_ABCD3_Female_56_1499__r0c0.jpg,Small_intestine_ABCD3_Female_56_1499.jpg,0,0,0.0000,no,auto
Small_intestine_ABCD3_Female_56_1499__r0c1.jpg,Small_intestine_ABCD3_Female_56_1499.jpg,0,1,0.0000,no,auto
Small_intestine_ABCD3_Female_56_1499__r0c2.jpg,Small_intestine_ABCD3_Female_56_1499.jpg,0,2,0.0035,no,auto
Small_intestine_ABCD3_Female_56_1499__r0c3.jpg,Small_intestine_ABCD3_Female_56_1499.jpg,0,3,0.0334,no,auto
Small_intestine_ABCD3_Female_56_1499__r0c4.jpg,Small_intestine_ABCD3_Female_56_1499.jpg,0,4,0.0350,no,auto
Small_intestine_ABCD3_Female_56_1499__r0c5.jpg,Small_intestine_ABCD3_Female_56_1499.jpg,0,5,0.0007,no,auto
Small_intestine_ABCD3_Female_56_1499__r0c6.jpg,Small_intestine_ABCD3_Female_56_1499.jpg,0,6,0.0000,no,auto
Small_intestine_ABCD3_Female_56_1499__r0c7.jpg,Small_intestine_ABCD3_Female_56_1499.jpg,0,7,0.0000,no,auto
Small_intestine_ABCD3_Female_56_1499__r1c0.jpg,Small_intestine_ABCD3_Female_56_1499.jpg,1,0,0.0000,no,auto
Small_intestine_ABCD3_Female_56_1499__r1c7.jpg,Small_intestine_ABCD3_Female_56_1499.jpg,1,7,0.0000,no,auto
Small_intestine_ABCD3_Female_56_1499__r2c0.jpg,Small_intestine_ABCD3_Female_56_1499.jpg,2,0,0.0001,no,auto
Small_intestine_ABCD3_Female_56_1499__r2c7.jpg,Small_intestine_ABCD3_Female_56_1499.jpg,2,7,0.0001,no,auto
Small_intestine_ABCD3_Female_56_1499__r3c0.jpg,Small_intestine_ABCD3_Female_56_1499.jpg,3,0,0.0005,no,auto
Small_intestine_ABCD3_Female_56_1499__r3c7.jpg,Small_intestine_ABCD3_Female_56_1499.jpg,3,7,0.0000,no,auto
Small_intestine_ABCD3_Female_56_1499__r4c0.jpg,Small_intestine_ABCD3_Female_56_1499.jpg,4,0,0.0423,no,auto
Small_intestine_ABCD3_Female_56_1499__r4c7.jpg,Small_intestine_ABCD3_Female_56_1499.jpg,4,7,0.0000,no,auto
Small_intestine_ABCD3_Female_56_1499__r5c0.jpg,Small_intestine_ABCD3_Female_56_1499.jpg,5,0,0.0000,no,auto
Small_intestine_ABCD3_Female_56_1499__r5c7.jpg,Small_intestine_ABCD3_Female_56_1499.jpg,5,7,0.0000,no,auto
Small_intestine_ABCD3_Female_56_1499__r6c0.jpg,Small_intestine_ABCD3_Female_56_1499.jpg,6,0,0.0000,no,auto
Small_intestine_ABCD3_Female_56_1499__r6c6.jpg,Small_intestine_ABCD3_Female_56_1499.jpg,6,6,0.0199,no,auto
Small_intestine_ABCD3_Female_56_1499__r6c7.jpg,Small_intestine_ABCD3_Female_56_1499.jpg,6,7,0.0000,no,auto
Small_intestine_ABCD3_Female_56_1499__r7c0.jpg,Small_intestine_ABCD3_Female_56_1499.jpg,7,0,0.0000,no,auto
Small_intestine_ABCD3_Female_56_1499__r7c1.jpg,Small_intestine_ABCD3_Female_56_1499.jpg,7,1,0.0000,no,auto
Small_intestine_ABCD3_Female_56_1499__r7c2.jpg,Small_intestine_ABCD3_Female_56_1499.jpg,7,2,0.0085,no,auto
Small_intestine_ABCD3_Female_56_1499__r7c3.jpg,Small_intestine_ABCD3_Female_56_1499.jpg,7,3,0.0466,no,auto
Small_intestine_ABCD3_Female_56_1499__r7c5.jpg,Small_intestine_ABCD3_Female_56_1499.jpg,7,5,0.0042,no,auto
Small_intestine_ABCD3_Female_56_1499__r7c6.jpg,Small_intestine_ABCD3_Female_56_1499.jpg,7,6,0.0003,no,auto
Small_intestine_ABCD3_Female_56_1499__r7c7.jpg,Small_intestine_ABCD3_Female_56_1499.jpg,7,7,0.0000,no,auto
"Small_intestine,_NOS_ANKRD37_Female_71_3004__r0c0.jpg","Small_intestine,_NOS_ANKRD37_Female_71_3004.jpg",0,0,0.0001,no,auto
"Small_intestine,_NOS_ANKRD37_Female_71_3004__r0c1.jpg","Small_intestine,_NOS_ANKRD37_Female_71_3004.jpg",0,1,0.0000,no,auto
"Small_intestine,_NOS_ANKRD37_Female_71_3004__r0c6.jpg","Small_intestine,_NOS_ANKRD37_Female_71_3004.jpg",0,6,0.0000,no,auto
"Small_intestine,_NOS_ANKRD37_Female_71_3004__r0c7.jpg","Small_intestine,_NOS_ANKRD37_Female_71_3004.jpg",0,7,0.0000,no,auto
"Small_intestine,_NOS_ANKRD37_Female_71_3004__r1c0.jpg","Small_intestine,_NOS_ANKRD37_Female_71_3004.jpg",1,0,0.0000,no,auto
"Small_intestine,_NOS_ANKRD37_Female_71_3004__r1c7.jpg","Small_intestine,_NOS_ANKRD37_Female_71_3004.jpg",1,7,0.0001,no,auto
"Small_intestine,_NOS_ANKRD37_Female_71_3004__r2c7.jpg","Small_intestine,_NOS_ANKRD37_Female_71_3004.jpg",2,7,0.0126,no,auto
"Small_intestine,_NOS_ANKRD37_Female_71_3004__r6c0.jpg","Small_intestine,_NOS_ANKRD37_Female_71_3004.jpg",6,0,0.0013,no,auto
"Small_intestine,_NOS_ANKRD37_Female_71_3004__r6c7.jpg","Small_intestine,_NOS_ANKRD37_Female_71_3004.jpg",6,7,0.0335,no,auto
"Small_intestine,_NOS_ANKRD37_Female_71_3004__r7c0.jpg","Small_intestine,_NOS_ANKRD37_Female_71_3004.jpg",7,0,0.0000,no,auto
"Small_intestine,_NOS_ANKRD37_Female_71_3004__r7c1.jpg","Small_intestine,_NOS_ANKRD37_Female_71_3004.jpg",7,1,0.0003,no,auto
"Small_intestine,_NOS_ANKRD37_Female_71_3004__r7c7.jpg","Small_intestine,_NOS_ANKRD37_Female_71_3004.jpg",7,7,0.0004,no,auto
Duodenum_API5_Male_54_2562__r0c0.jpg,Duodenum_API5_Male_54_2562.jpg,0,0,0.0000,no,auto
Duodenum_API5_Male_54_2562__r0c1.jpg,Duodenum_API5_Male_54_2562.jpg,0,1,0.0000,no,auto
Duodenum_API5_Male_54_2562__r0c2.jpg,Duodenum_API5_Male_54_2562.jpg,0,2,0.0130,no,auto
Duodenum_API5_Male_54_2562__r0c6.jpg,Duodenum_API5_Male_54_2562.jpg,0,6,0.0001,no,auto
Duodenum_API5_Male_54_2562__r0c7.jpg,Duodenum_API5_Male_54_2562.jpg,0,7,0.0000,no,auto
Duodenum_API5_Male_54_2562__r1c0.jpg,Duodenum_API5_Male_54_2562.jpg,1,0,0.0000,no,auto
Duodenum_API5_Male_54_2562__r1c1.jpg,Duodenum_API5_Male_54_2562.jpg,1,1,0.0145,no,auto
Duodenum_API5_Male_54_2562__r1c7.jpg,Duodenum_API5_Male_54_2562.jpg,1,7,0.0000,no,auto
Duodenum_API5_Male_54_2562__r2c0.jpg,Duodenum_API5_Male_54_2562.jpg,2,0,0.0000,no,auto
Duodenum_API5_Male_54_2562__r3c0.jpg,Duodenum_API5_Male_54_2562.jpg,3,0,0.0000,no,auto
Duodenum_API5_Male_54_2562__r4c0.jpg,Duodenum_API5_Male_54_2562.jpg,4,0,0.0000,no,auto
Duodenum_API5_Male_54_2562__r5c0.jpg,Duodenum_API5_Male_54_2562.jpg,5,0,0.0000,no,auto
Duodenum_API5_Male_54_2562__r6c0.jpg,Duodenum_API5_Male_54_2562.jpg,6,0,0.0005,no,auto
Duodenum_API5_Male_54_2562__r6c7.jpg,Duodenum_API5_Male_54_2562.jpg,6,7,0.0004,no,auto
Duodenum_API5_Male_54_2562__r7c0.jpg,Duodenum_API5_Male_54_2562.jpg,7,0,0.0000,no,auto
Duodenum_API5_Male_54_2562__r7c1.jpg,Duodenum_API5_Male_54_2562.jpg,7,1,0.0000,no,auto
Duodenum_API5_Male_54_2562__r7c6.jpg,Duodenum_API5_Male_54_2562.jpg,7,6,0.0002,no,auto
Duodenum_API5_Male_54_2562__r7c7.jpg,Duodenum_API5_Male_54_2562.jpg,7,7,0.0000,no,auto
Duodenum_DHRS1_Male_73_64__r0c0.jpg,Duodenum_DHRS1_Male_73_64.jpg,0,0,0.0000,no,auto
Duodenum_DHRS1_Male_73_64__r0c1.jpg,Duodenum_DHRS1_Male_73_64.jpg,0,1,0.0000,no,auto
Duodenum_DHRS1_Male_73_64__r0c2.jpg,Duodenum_DHRS1_Male_73_64.jpg,0,2,0.0000,no,auto
Duodenum_DHRS1_Male_73_64__r0c3.jpg,Duodenum_DHRS1_Male_73_64.jpg,0,3,0.0001,no,auto
Duodenum_DHRS1_Male_73_64__r0c4.jpg,Duodenum_DHRS1_Male_73_64.jpg,0,4,0.0000,no,auto
Duodenum_DHRS1_Male_73_64__r0c5.jpg,Duodenum_DHRS1_Male_73_64.jpg,0,5,0.0000,no,auto
Duodenum_DHRS1_Male_73_64__r0c6.jpg,Duodenum_DHRS1_Male_73_64.jpg,0,6,0.0000,no,auto
Duodenum_DHRS1_Male_73_64__r0c7.jpg,Duodenum_DHRS1_Male_73_64.jpg,0,7,0.0000,no,auto
Duodenum_DHRS1_Male_73_64__r1c0.jpg,Duodenum_DHRS1_Male_73_64.jpg,1,0,0.0002,no,auto
Duodenum_DHRS1_Male_73_64__r1c1.jpg,Duodenum_DHRS1_Male_73_64.jpg,1,1,0.0000,no,auto
Duodenum_DHRS1_Male_73_64__r1c2.jpg,Duodenum_DHRS1_Male_73_64.jpg,1,2,0.0000,no,auto
Duodenum_DHRS1_Male_73_64__r1c3.jpg,Duodenum_DHRS1_Male_73_64.jpg,1,3,0.0016,no,auto
Duodenum_DHRS1_Male_73_64__r1c4.jpg,Duodenum_DHRS1_Male_73_64.jpg,1,4,0.0021,no,auto
Duodenum_DHRS1_Male_73_64__r1c5.jpg,Duodenum_DHRS1_Male_73_64.jpg,1,5,0.0000,no,auto
Duodenum_DHRS1_Male_73_64__r1c6.jpg,Duodenum_DHRS1_Male_73_64.jpg,1,6,0.0000,no,auto
Duodenum_DHRS1_Male_73_64__r1c7.jpg,Duodenum_DHRS1_Male_73_64.jpg,1,7,0.0000,no,auto
Duodenum_DHRS1_Male_73_64__r2c0.jpg,Duodenum_DHRS1_Male_73_64.jpg,2,0,0.0000,no,auto
Duodenum_DHRS1_Male_73_64__r2c1.jpg,Duodenum_DHRS1_Male_73_64.jpg,2,1,0.0000,no,auto
Duodenum_DHRS1_Male_73_64__r2c6.jpg,Duodenum_DHRS1_Male_73_64.jpg,2,6,0.0111,no,auto
Duodenum_DHRS1_Male_73_64__r2c7.jpg,Duodenum_DHRS1_Male_73_64.jpg,2,7,0.0009,no,auto
Duodenum_DHRS1_Male_73_64__r3c0.jpg,Duodenum_DHRS1_Male_73_64.jpg,3,0,0.0003,no,auto
Duodenum_DHRS1_Male_73_64__r3c1.jpg,Duodenum_DHRS1_Male_73_64.jpg,3,1,0.0320,no,auto
Duodenum_DHRS1_Male_73_64__r3c7.jpg,Duodenum_DHRS1_Male_73_64.jpg,3,7,0.0002,no,auto
Duodenum_DHRS1_Male_73_64__r4c0.jpg,Duodenum_DHRS1_Male_73_64.jpg,4,0,0.0000,no,auto
Duodenum_DHRS1_Male_73_64__r4c7.jpg,Duodenum_DHRS1_Male_73_64.jpg,4,7,0.0001,no,auto
Duodenum_DHRS1_Male_73_64__r5c0.jpg,Duodenum_DHRS1_Male_73_64.jpg,5,0,0.0000,no,auto
Duodenum_DHRS1_Male_73_64__r5c1.jpg,Duodenum_DHRS1_Male_73_64.jpg,5,1,0.0403,no,auto
Duodenum_DHRS1_Male_73_64__r5c6.jpg,Duodenum_DHRS1_Male_73_64.jpg,5,6,0.0007,no,auto
Duodenum_DHRS1_Male_73_64__r5c7.jpg,Duodenum_DHRS1_Male_73_64.jpg,5,7,0.0000,no,auto
Duodenum_DHRS1_Male_73_64__r6c0.jpg,Duodenum_DHRS1_Male_73_64.jpg,6,0,0.0001,no,auto
Duodenum_DHRS1_Male_73_64__r6c1.jpg,Duodenum_DHRS1_Male_73_64.jpg,6,1,0.0000,no,auto
Duodenum_DHRS1_Male_73_64__r6c5.jpg,Duodenum_DHRS1_Male_73_64.jpg,6,5,0.0017,no,auto
Duodenum_DHRS1_Male_73_64__r6c6.jpg,Duodenum_DHRS1_Male_73_64.jpg,6,6,0.0003,no,auto
Duodenum_DHRS1_Male_73_64__r6c7.jpg,Duodenum_DHRS1_Male_73_64.jpg,6,7,0.0002,no,auto
Duodenum_DHRS1_Male_73_64__r7c0.jpg,Duodenum_DHRS1_Male_73_64.jpg,7,0,0.0004,no,auto
Duodenum_DHRS1_Male_73_64__r7c1.jpg,Duodenum_DHRS1_Male_73_64.jpg,7,1,0.0002,no,auto
Duodenum_DHRS1_Male_73_64__r7c2.jpg,Duodenum_DHRS1_Male_73_64.jpg,7,2,0.0002,no,auto
Duodenum_DHRS1_Male_73_64__r7c3.jpg,Duodenum_DHRS1_Male_73_64.jpg,7,3,0.0002,no,auto
Duodenum_DHRS1_Male_73_64__r7c4.jpg,Duodenum_DHRS1_Male_73_64.jpg,7,4,0.0008,no,auto
Duodenum_DHRS1_Male_73_64__r7c5.jpg,Duodenum_DHRS1_Male_73_64.jpg,7,5,0.0001,no,auto
Duodenum_DHRS1_Male_73_64__r7c6.jpg,Duodenum_DHRS1_Male_73_64.jpg,7,6,0.0000,no,auto
Duodenum_DHRS1_Male_73_64__r7c7.jpg,Duodenum_DHRS1_Male_73_64.jpg,7,7,0.0009,no,auto
Duodenum_CKAP4_Male_79_2650__r0c0.jpg,Duodenum_CKAP4_Male_79_2650.jpg,0,0,0.0003,no,auto
Duodenum_CKAP4_Male_79_2650__r0c1.jpg,Duodenum_CKAP4_Male_79_2650.jpg,0,1,0.0000,no,auto
Duodenum_CKAP4_Male_79_2650__r0c2.jpg,Duodenum_CKAP4_Male_79_2650.jpg,0,2,0.0004,no,auto
Duodenum_CKAP4_Male_79_2650__r0c3.jpg,Duodenum_CKAP4_Male_79_2650.jpg,0,3,0.0040,no,auto
Duodenum_CKAP4_Male_79_2650__r0c6.jpg,Duodenum_CKAP4_Male_79_2650.jpg,0,6,0.0006,no,auto
Duodenum_CKAP4_Male_79_2650__r0c7.jpg,Duodenum_CKAP4_Male_79_2650.jpg,0,7,0.0006,no,auto
Duodenum_CKAP4_Male_79_2650__r1c0.jpg,Duodenum_CKAP4_Male_79_2650.jpg,1,0,0.0002,no,auto
Duodenum_CKAP4_Male_79_2650__r1c1.jpg,Duodenum_CKAP4_Male_79_2650.jpg,1,1,0.0002,no,auto
Duodenum_CKAP4_Male_79_2650__r1c7.jpg,Duodenum_CKAP4_Male_79_2650.jpg,1,7,0.0014,no,auto
Duodenum_CKAP4_Male_79_2650__r2c0.jpg,Duodenum_CKAP4_Male_79_2650.jpg,2,0,0.0002,no,auto
Duodenum_CKAP4_Male_79_2650__r2c7.jpg,Duodenum_CKAP4_Male_79_2650.jpg,2,7,0.0199,no,auto
Duodenum_CKAP4_Male_79_2650__r3c0.jpg,Duodenum_CKAP4_Male_79_2650.jpg,3,0,0.0236,no,auto
Duodenum_CKAP4_Male_79_2650__r4c0.jpg,Duodenum_CKAP4_Male_79_2650.jpg,4,0,0.0009,no,auto
Duodenum_CKAP4_Male_79_2650__r4c7.jpg,Duodenum_CKAP4_Male_79_2650.jpg,4,7,0.0021,no,auto
Duodenum_CKAP4_Male_79_2650__r5c0.jpg,Duodenum_CKAP4_Male_79_2650.jpg,5,0,0.0001,no,auto
Duodenum_CKAP4_Male_79_2650__r5c7.jpg,Duodenum_CKAP4_Male_79_2650.jpg,5,7,0.0026,no,auto
Duodenum_CKAP4_Male_79_2650__r6c0.jpg,Duodenum_CKAP4_Male_79_2650.jpg,6,0,0.0006,no,auto
Duodenum_CKAP4_Male_79_2650__r6c1.jpg,Duodenum_CKAP4_Male_79_2650.jpg,6,1,0.0020,no,auto
Duodenum_CKAP4_Male_79_2650__r6c5.jpg,Duodenum_CKAP4_Male_79_2650.jpg,6,5,0.0332,no,auto
Duodenum_CKAP4_Male_79_2650__r6c6.jpg,Duodenum_CKAP4_Male_79_2650.jpg,6,6,0.0013,no,auto
Duodenum_CKAP4_Male_79_2650__r6c7.jpg,Duodenum_CKAP4_Male_79_2650.jpg,6,7,0.0007,no,auto
Duodenum_CKAP4_Male_79_2650__r7c0.jpg,Duodenum_CKAP4_Male_79_2650.jpg,7,0,0.0006,no,auto
Duodenum_CKAP4_Male_79_2650__r7c1.jpg,Duodenum_CKAP4_Male_79_2650.jpg,7,1,0.0015,no,auto
Duodenum_CKAP4_Male_79_2650__r7c2.jpg,Duodenum_CKAP4_Male_79_2650.jpg,7,2,0.0039,no,auto
Duodenum_CKAP4_Male_79_2650__r7c3.jpg,Duodenum_CKAP4_Male_79_2650.jpg,7,3,0.0028,no,auto
Duodenum_CKAP4_Male_79_2650__r7c4.jpg,Duodenum_CKAP4_Male_79_2650.jpg,7,4,0.0024,no,auto
Duodenum_CKAP4_Male_79_2650__r7c5.jpg,Duodenum_CKAP4_Male_79_2650.jpg,7,5,0.0010,no,auto
Duodenum_CKAP4_Male_79_2650__r7c6.jpg,Duodenum_CKAP4_Male_79_2650.jpg,7,6,0.0023,no,auto
Duodenum_CKAP4_Male_79_2650__r7c7.jpg,Duodenum_CKAP4_Male_79_2650.jpg,7,7,0.0011,no,auto
Small_intestine_ABCG2_Male_26_3472__r0c0.jpg,Small_intestine_ABCG2_Male_26_3472.jpg,0,0,0.0000,no,auto
Small_intestine_ABCG2_Male_26_3472__r0c1.jpg,Small_intestine_ABCG2_Male_26_3472.jpg,0,1,0.0000,no,auto
Small_intestine_ABCG2_Male_26_3472__r0c2.jpg,Small_intestine_ABCG2_Male_26_3472.jpg,0,2,0.0000,no,auto
Small_intestine_ABCG2_Male_26_3472__r0c3.jpg,Small_intestine_ABCG2_Male_26_3472.jpg,0,3,0.0005,no,auto
Small_intestine_ABCG2_Male_26_3472__r0c6.jpg,Small_intestine_ABCG2_Male_26_3472.jpg,0,6,0.0000,no,auto
Small_intestine_ABCG2_Male_26_3472__r0c7.jpg,Small_intestine_ABCG2_Male_26_3472.jpg,0,7,0.0000,no,auto
Small_intestine_ABCG2_Male_26_3472__r1c0.jpg,Small_intestine_ABCG2_Male_26_3472.jpg,1,0,0.0000,no,auto
Small_intestine_ABCG2_Male_26_3472__r1c1.jpg,Small_intestine_ABCG2_Male_26_3472.jpg,1,1,0.0000,no,auto
Small_intestine_ABCG2_Male_26_3472__r1c2.jpg,Small_intestine_ABCG2_Male_26_3472.jpg,1,2,0.0002,no,auto
Small_intestine_ABCG2_Male_26_3472__r1c3.jpg,Small_intestine_ABCG2_Male_26_3472.jpg,1,3,0.0010,no,auto
Small_intestine_ABCG2_Male_26_3472__r1c7.jpg,Small_intestine_ABCG2_Male_26_3472.jpg,1,7,0.0033,no,auto
Small_intestine_ABCG2_Male_26_3472__r2c0.jpg,Small_intestine_ABCG2_Male_26_3472.jpg,2,0,0.0000,no,auto
Small_intestine_ABCG2_Male_26_3472__r2c1.jpg,Small_intestine_ABCG2_Male_26_3472.jpg,2,1,0.0000,no,auto
Small_intestine_ABCG2_Male_26_3472__r2c2.jpg,Small_intestine_ABCG2_Male_26_3472.jpg,2,2,0.0000,no,auto
Small_intestine_ABCG2_Male_26_3472__r3c0.jpg,Small_intestine_ABCG2_Male_26_3472.jpg,3,0,0.0000,no,auto
Small_intestine_ABCG2_Male_26_3472__r3c1.jpg,Small_intestine_ABCG2_Male_26_3472.jpg,3,1,0.0030,no,auto
Small_intestine_ABCG2_Male_26_3472__r4c0.jpg,Small_intestine_ABCG2_Male_26_3472.jpg,4,0,0.0000,no,auto
Small_intestine_ABCG2_Male_26_3472__r5c0.jpg,Small_intestine_ABCG2_Male_26_3472.jpg,5,0,0.0000,no,auto
Small_intestine_ABCG2_Male_26_3472__r6c0.jpg,Small_intestine_ABCG2_Male_26_3472.jpg,6,0,0.0000,no,auto
Small_intestine_ABCG2_Male_26_3472__r6c7.jpg,Small_intestine_ABCG2_Male_26_3472.jpg,6,7,0.0001,no,auto
Small_intestine_ABCG2_Male_26_3472__r7c0.jpg,Small_intestine_ABCG2_Male_26_3472.jpg,7,0,0.0001,no,auto
Small_intestine_ABCG2_Male_26_3472__r7c1.jpg,Small_intestine_ABCG2_Male_26_3472.jpg,7,1,0.0095,no,auto
Small_intestine_ABCG2_Male_26_3472__r7c6.jpg,Small_intestine_ABCG2_Male_26_3472.jpg,7,6,0.0020,no,auto
Small_intestine_ABCG2_Male_26_3472__r7c7.jpg,Small_intestine_ABCG2_Male_26_3472.jpg,7,7,0.0000,no,auto
Duodenum_GRK3_Female_48_75__r0c0.jpg,Duodenum_GRK3_Female_48_75.jpg,0,0,0.0000,no,auto
Duodenum_GRK3_Female_48_75__r0c1.jpg,Duodenum_GRK3_Female_48_75.jpg,0,1,0.0000,no,auto
Duodenum_GRK3_Female_48_75__r0c2.jpg,Duodenum_GRK3_Female_48_75.jpg,0,2,0.0001,no,auto
Duodenum_GRK3_Female_48_75__r0c3.jpg,Duodenum_GRK3_Female_48_75.jpg,0,3,0.0079,no,auto
Duodenum_GRK3_Female_48_75__r0c4.jpg,Duodenum_GRK3_Female_48_75.jpg,0,4,0.0100,no,auto
Duodenum_GRK3_Female_48_75__r0c5.jpg,Duodenum_GRK3_Female_48_75.jpg,0,5,0.0001,no,auto
Duodenum_GRK3_Female_48_75__r0c6.jpg,Duodenum_GRK3_Female_48_75.jpg,0,6,0.0000,no,auto
Duodenum_GRK3_Female_48_75__r0c7.jpg,Duodenum_GRK3_Female_48_75.jpg,0,7,0.0005,no,auto
Duodenum_GRK3_Female_48_75__r1c0.jpg,Duodenum_GRK3_Female_48_75.jpg,1,0,0.0000,no,auto
Duodenum_GRK3_Female_48_75__r1c1.jpg,Duodenum_GRK3_Female_48_75.jpg,1,1,0.0429,no,auto
Duodenum_GRK3_Female_48_75__r1c6.jpg,Duodenum_GRK3_Female_48_75.jpg,1,6,0.0002,no,auto
Duodenum_GRK3_Female_48_75__r1c7.jpg,Duodenum_GRK3_Female_48_75.jpg,1,7,0.0000,no,auto
Duodenum_GRK3_Female_48_75__r2c0.jpg,Duodenum_GRK3_Female_48_75.jpg,2,0,0.0423,no,auto
Duodenum_GRK3_Female_48_75__r2c6.jpg,Duodenum_GRK3_Female_48_75.jpg,2,6,0.0430,no,auto
Duodenum_GRK3_Female_48_75__r2c7.jpg,Duodenum_GRK3_Female_48_75.jpg,2,7,0.0000,no,auto
Duodenum_GRK3_Female_48_75__r3c7.jpg,Duodenum_GRK3_Female_48_75.jpg,3,7,0.0001,no,auto
Duodenum_GRK3_Female_48_75__r4c6.jpg,Duodenum_GRK3_Female_48_75.jpg,4,6,0.0468,no,auto
Duodenum_GRK3_Female_48_75__r4c7.jpg,Duodenum_GRK3_Female_48_75.jpg,4,7,0.0002,no,auto
Duodenum_GRK3_Female_48_75__r5c0.jpg,Duodenum_GRK3_Female_48_75.jpg,5,0,0.0240,no,auto
Duodenum_GRK3_Female_48_75__r5c7.jpg,Duodenum_GRK3_Female_48_75.jpg,5,7,0.0000,no,auto
Duodenum_GRK3_Female_48_75__r6c0.jpg,Duodenum_GRK3_Female_48_75.jpg,6,0,0.0000,no,auto
Duodenum_GRK3_Female_48_75__r6c6.jpg,Duodenum_GRK3_Female_48_75.jpg,6,6,0.0058,no,auto
Duodenum_GRK3_Female_48_75__r6c7.jpg,Duodenum_GRK3_Female_48_75.jpg,6,7,0.0000,no,auto
Duodenum_GRK3_Female_48_75__r7c0.jpg,Duodenum_GRK3_Female_48_75.jpg,7,0,0.0000,no,auto
Duodenum_GRK3_Female_48_75__r7c1.jpg,Duodenum_GRK3_Female_48_75.jpg,7,1,0.0001,no,auto
Duodenum_GRK3_Female_48_75__r7c2.jpg,Duodenum_GRK3_Female_48_75.jpg,7,2,0.0001,no,auto
Duodenum_GRK3_Female_48_75__r7c3.jpg,Duodenum_GRK3_Female_48_75.jpg,7,3,0.0137,no,auto
Duodenum_GRK3_Female_48_75__r7c4.jpg,Duodenum_GRK3_Female_48_75.jpg,7,4,0.0022,no,auto
Duodenum_GRK3_Female_48_75__r7c5.jpg,Duodenum_GRK3_Female_48_75.jpg,7,5,0.0000,no,auto
Duodenum_GRK3_Female_48_75__r7c6.jpg,Duodenum_GRK3_Female_48_75.jpg,7,6,0.0000,no,auto
Duodenum_GRK3_Female_48_75__r7c7.jpg,Duodenum_GRK3_Female_48_75.jpg,7,7,0.0000,no,auto
Duodenum_ADH6_Female_67_3479__r0c0.jpg,Duodenum_ADH6_Female_67_3479.jpg,0,0,0.0002,no,auto
Duodenum_ADH6_Female_67_3479__r0c1.jpg,Duodenum_ADH6_Female_67_3479.jpg,0,1,0.0000,no,auto
Duodenum_ADH6_Female_67_3479__r0c2.jpg,Duodenum_ADH6_Female_67_3479.jpg,0,2,0.0000,no,auto
Duodenum_ADH6_Female_67_3479__r0c3.jpg,Duodenum_ADH6_Female_67_3479.jpg,0,3,0.0383,no,auto
Duodenum_ADH6_Female_67_3479__r0c5.jpg,Duodenum_ADH6_Female_67_3479.jpg,0,5,0.0039,no,auto
Duodenum_ADH6_Female_67_3479__r0c6.jpg,Duodenum_ADH6_Female_67_3479.jpg,0,6,0.0000,no,auto
Duodenum_ADH6_Female_67_3479__r0c7.jpg,Duodenum_ADH6_Female_67_3479.jpg,0,7,0.0000,no,auto
Duodenum_ADH6_Female_67_3479__r1c0.jpg,Duodenum_ADH6_Female_67_3479.jpg,1,0,0.0000,no,auto
Duodenum_ADH6_Female_67_3479__r1c1.jpg,Duodenum_ADH6_Female_67_3479.jpg,1,1,0.0370,no,auto
Duodenum_ADH6_Female_67_3479__r1c7.jpg,Duodenum_ADH6_Female_67_3479.jpg,1,7,0.0000,no,auto
Duodenum_ADH6_Female_67_3479__r2c0.jpg,Duodenum_ADH6_Female_67_3479.jpg,2,0,0.0001,no,auto
Duodenum_ADH6_Female_67_3479__r2c7.jpg,Duodenum_ADH6_Female_67_3479.jpg,2,7,0.0030,no,auto
Duodenum_ADH6_Female_67_3479__r5c0.jpg,Duodenum_ADH6_Female_67_3479.jpg,5,0,0.0155,no,auto
Duodenum_ADH6_Female_67_3479__r5c7.jpg,Duodenum_ADH6_Female_67_3479.jpg,5,7,0.0051,no,auto
Duodenum_ADH6_Female_67_3479__r6c0.jpg,Duodenum_ADH6_Female_67_3479.jpg,6,0,0.0000,no,auto
Duodenum_ADH6_Female_67_3479__r6c6.jpg,Duodenum_ADH6_Female_67_3479.jpg,6,6,0.0425,no,auto
Duodenum_ADH6_Female_67_3479__r6c7.jpg,Duodenum_ADH6_Female_67_3479.jpg,6,7,0.0000,no,auto
Duodenum_ADH6_Female_67_3479__r7c0.jpg,Duodenum_ADH6_Female_67_3479.jpg,7,0,0.0001,no,auto
Duodenum_ADH6_Female_67_3479__r7c1.jpg,Duodenum_ADH6_Female_67_3479.jpg,7,1,0.0000,no,auto
Duodenum_ADH6_Female_67_3479__r7c2.jpg,Duodenum_ADH6_Female_67_3479.jpg,7,2,0.0070,no,auto
Duodenum_ADH6_Female_67_3479__r7c5.jpg,Duodenum_ADH6_Female_67_3479.jpg,7,5,0.0003,no,auto
Duodenum_ADH6_Female_67_3479__r7c6.jpg,Duodenum_ADH6_Female_67_3479.jpg,7,6,0.0000,no,auto
Duodenum_ADH6_Female_67_3479__r7c7.jpg,Duodenum_ADH6_Female_67_3479.jpg,7,7,0.0000,no,auto
Duodenum_CHGA_Female_43_148__r0c0.jpg,Duodenum_CHGA_Female_43_148.jpg,0,0,0.0001,no,auto
Duodenum_CHGA_Female_43_148__r0c1.jpg,Duodenum_CHGA_Female_43_148.jpg,0,1,0.0000,no,auto
Duodenum_CHGA_Female_43_148__r0c2.jpg,Duodenum_CHGA_Female_43_148.jpg,0,2,0.0001,no,auto
Duodenum_CHGA_Female_43_148__r0c6.jpg,Duodenum_CHGA_Female_43_148.jpg,0,6,0.0005,no,auto
Duodenum_CHGA_Female_43_148__r0c7.jpg,Duodenum_CHGA_Female_43_148.jpg,0,7,0.0001,no,auto
Duodenum_CHGA_Female_43_148__r1c0.jpg,Duodenum_CHGA_Female_43_148.jpg,1,0,0.0001,no,auto
Duodenum_CHGA_Female_43_148__r1c1.jpg,Duodenum_CHGA_Female_43_148.jpg,1,1,0.0213,no,auto
Duodenum_CHGA_Female_43_148__r1c7.jpg,Duodenum_CHGA_Female_43_148.jpg,1,7,0.0005,no,auto
Duodenum_CHGA_Female_43_148__r2c0.jpg,Duodenum_CHGA_Female_43_148.jpg,2,0,0.0000,no,auto
Duodenum_CHGA_Female_43_148__r3c0.jpg,Duodenum_CHGA_Female_43_148.jpg,3,0,0.0030,no,auto
Duodenum_CHGA_Female_43_148__r4c0.jpg,Duodenum_CHGA_Female_43_148.jpg,4,0,0.0008,no,auto
Duodenum_CHGA_Female_43_148__r5c0.jpg,Duodenum_CHGA_Female_43_148.jpg,5,0,0.0000,no,auto
Duodenum_CHGA_Female_43_148__r5c7.jpg,Duodenum_CHGA_Female_43_148.jpg,5,7,0.0301,no,auto
Duodenum_CHGA_Female_43_148__r6c0.jpg,Duodenum_CHGA_Female_43_148.jpg,6,0,0.0004,no,auto
Duodenum_CHGA_Female_43_148__r6c1.jpg,Duodenum_CHGA_Female_43_148.jpg,6,1,0.0000,no,auto
Duodenum_CHGA_Female_43_148__r6c7.jpg,Duodenum_CHGA_Female_43_148.jpg,6,7,0.0002,no,auto
Duodenum_CHGA_Female_43_148__r7c0.jpg,Duodenum_CHGA_Female_43_148.jpg,7,0,0.0000,no,auto
Duodenum_CHGA_Female_43_148__r7c1.jpg,Duodenum_CHGA_Female_43_148.jpg,7,1,0.0000,no,auto
Duodenum_CHGA_Female_43_148__r7c2.jpg,Duodenum_CHGA_Female_43_148.jpg,7,2,0.0000,no,auto
Duodenum_CHGA_Female_43_148__r7c3.jpg,Duodenum_CHGA_Female_43_148.jpg,7,3,0.0000,no,auto
Duodenum_CHGA_Female_43_148__r7c4.jpg,Duodenum_CHGA_Female_43_148.jpg,7,4,0.0000,no,auto
Duodenum_CHGA_Female_43_148__r7c5.jpg,Duodenum_CHGA_Female_43_148.jpg,7,5,0.0004,no,auto
Duodenum_CHGA_Female_43_148__r7c6.jpg,Duodenum_CHGA_Female_43_148.jpg,7,6,0.0000,no,auto
Duodenum_CHGA_Female_43_148__r7c7.jpg,Duodenum_CHGA_Female_43_148.jpg,7,7,0.0000,no,auto
Small_intestine_ACBD5_Male_71_2411__r0c0.jpg,Small_intestine_ACBD5_Male_71_2411.jpg,0,0,0.0001,no,auto
Small_intestine_ACBD5_Male_71_2411__r0c1.jpg,Small_intestine_ACBD5_Male_71_2411.jpg,0,1,0.0001,no,auto
Small_intestine_ACBD5_Male_71_2411__r0c2.jpg,Small_intestine_ACBD5_Male_71_2411.jpg,0,2,0.0000,no,auto
Small_intestine_ACBD5_Male_71_2411__r0c3.jpg,Small_intestine_ACBD5_Male_71_2411.jpg,0,3,0.0167,no,auto
Small_intestine_ACBD5_Male_71_2411__r0c6.jpg,Small_intestine_ACBD5_Male_71_2411.jpg,0,6,0.0000,no,auto
Small_intestine_ACBD5_Male_71_2411__r0c7.jpg,Small_intestine_ACBD5_Male_71_2411.jpg,0,7,0.0000,no,auto
Small_intestine_ACBD5_Male_71_2411__r1c0.jpg,Small_intestine_ACBD5_Male_71_2411.jpg,1,0,0.0000,no,auto
Small_intestine_ACBD5_Male_71_2411__r1c1.jpg,Small_intestine_ACBD5_Male_71_2411.jpg,1,1,0.0000,no,auto
Small_intestine_ACBD5_Male_71_2411__r1c2.jpg,Small_intestine_ACBD5_Male_71_2411.jpg,1,2,0.0055,no,auto
Small_intestine_ACBD5_Male_71_2411__r1c7.jpg,Small_intestine_ACBD5_Male_71_2411.jpg,1,7,0.0000,no,auto
Small_intestine_ACBD5_Male_71_2411__r2c0.jpg,Small_intestine_ACBD5_Male_71_2411.jpg,2,0,0.0000,no,auto
Small_intestine_ACBD5_Male_71_2411__r2c1.jpg,Small_intestine_ACBD5_Male_71_2411.jpg,2,1,0.0029,no,auto
Small_intestine_ACBD5_Male_71_2411__r2c2.jpg,Small_intestine_ACBD5_Male_71_2411.jpg,2,2,0.0015,no,auto
Small_intestine_ACBD5_Male_71_2411__r3c0.jpg,Small_intestine_ACBD5_Male_71_2411.jpg,3,0,0.0000,no,auto
Small_intestine_ACBD5_Male_71_2411__r3c1.jpg,Small_intestine_ACBD5_Male_71_2411.jpg,3,1,0.0315,no,auto
Small_intestine_ACBD5_Male_71_2411__r3c2.jpg,Small_intestine_ACBD5_Male_71_2411.jpg,3,2,0.0312,no,auto
Small_intestine_ACBD5_Male_71_2411__r4c0.jpg,Small_intestine_ACBD5_Male_71_2411.jpg,4,0,0.0001,no,auto
Small_intestine_ACBD5_Male_71_2411__r4c2.jpg,Small_intestine_ACBD5_Male_71_2411.jpg,4,2,0.0498,no,auto
Small_intestine_ACBD5_Male_71_2411__r5c0.jpg,Small_intestine_ACBD5_Male_71_2411.jpg,5,0,0.0008,no,auto
Small_intestine_ACBD5_Male_71_2411__r5c1.jpg,Small_intestine_ACBD5_Male_71_2411.jpg,5,1,0.0484,no,auto
Small_intestine_ACBD5_Male_71_2411__r6c0.jpg,Small_intestine_ACBD5_Male_71_2411.jpg,6,0,0.0000,no,auto
Small_intestine_ACBD5_Male_71_2411__r6c1.jpg,Small_intestine_ACBD5_Male_71_2411.jpg,6,1,0.0000,no,auto
Small_intestine_ACBD5_Male_71_2411__r6c7.jpg,Small_intestine_ACBD5_Male_71_2411.jpg,6,7,0.0000,no,auto
Small_intestine_ACBD5_Male_71_2411__r7c0.jpg,Small_intestine_ACBD5_Male_71_2411.jpg,7,0,0.0000,no,auto
Small_intestine_ACBD5_Male_71_2411__r7c1.jpg,Small_intestine_ACBD5_Male_71_2411.jpg,7,1,0.0000,no,auto
Small_intestine_ACBD5_Male_71_2411__r7c2.jpg,Small_intestine_ACBD5_Male_71_2411.jpg,7,2,0.0000,no,auto
Small_intestine_ACBD5_Male_71_2411__r7c3.jpg,Small_intestine_ACBD5_Male_71_2411.jpg,7,3,0.0047,no,auto
Small_intestine_ACBD5_Male_71_2411__r7c6.jpg,Small_intestine_ACBD5_Male_71_2411.jpg,7,6,0.0000,no,auto
Small_intestine_ACBD5_Male_71_2411__r7c7.jpg,Small_intestine_ACBD5_Male_71_2411.jpg,7,7,0.0001,no,auto
Duodenum_C18orf32_Male_35_3219__r0c0.jpg,Duodenum_C18orf32_Male_35_3219.jpg,0,0,0.0006,no,auto
Duodenum_C18orf32_Male_35_3219__r0c1.jpg,Duodenum_C18orf32_Male_35_3219.jpg,0,1,0.0001,no,auto
Duodenum_C18orf32_Male_35_3219__r0c2.jpg,Duodenum_C18orf32_Male_35_3219.jpg,0,2,0.0357,no,auto
Duodenum_C18orf32_Male_35_3219__r0c4.jpg,Duodenum_C18orf32_Male_35_3219.jpg,0,4,0.0170,no,auto
Duodenum_C18orf32_Male_35_3219__r0c6.jpg,Duodenum_C18orf32_Male_35_3219.jpg,0,6,0.0002,no,auto
Duodenum_C18orf32_Male_35_3219__r0c7.jpg,Duodenum_C18orf32_Male_35_3219.jpg,0,7,0.0015,no,auto
Duodenum_C18orf32_Male_35_3219__r1c0.jpg,Duodenum_C18orf32_Male_35_3219.jpg,1,0,0.0002,no,auto
Duodenum_C18orf32_Male_35_3219__r5c0.jpg,Duodenum_C18orf32_Male_35_3219.jpg,5,0,0.0028,no,auto
Duodenum_C18orf32_Male_35_3219__r6c0.jpg,Duodenum_C18orf32_Male_35_3219.jpg,6,0,0.0001,no,auto
Duodenum_C18orf32_Male_35_3219__r6c7.jpg,Duodenum_C18orf32_Male_35_3219.jpg,6,7,0.0001,no,auto
Duodenum_C18orf32_Male_35_3219__r7c0.jpg,Duodenum_C18orf32_Male_35_3219.jpg,7,0,0.0001,no,auto
Duodenum_C18orf32_Male_35_3219__r7c1.jpg,Duodenum_C18orf32_Male_35_3219.jpg,7,1,0.0001,no,auto
Duodenum_C18orf32_Male_35_3219__r7c6.jpg,Duodenum_C18orf32_Male_35_3219.jpg,7,6,0.0001,no,auto
Duodenum_C18orf32_Male_35_3219__r7c7.jpg,Duodenum_C18orf32_Male_35_3219.jpg,7,7,0.0004,no,auto
Duodenum_AAGAB_Female_62_3515__r0c0.jpg,Duodenum_AAGAB_Female_62_3515.jpg,0,0,0.0000,no,auto
Duodenum_AAGAB_Female_62_3515__r0c1.jpg,Duodenum_AAGAB_Female_62_3515.jpg,0,1,0.0002,no,auto
Duodenum_AAGAB_Female_62_3515__r0c5.jpg,Duodenum_AAGAB_Female_62_3515.jpg,0,5,0.0250,no,auto
Duodenum_AAGAB_Female_62_3515__r0c6.jpg,Duodenum_AAGAB_Female_62_3515.jpg,0,6,0.0000,no,auto
Duodenum_AAGAB_Female_62_3515__r0c7.jpg,Duodenum_AAGAB_Female_62_3515.jpg,0,7,0.0003,no,auto
Duodenum_AAGAB_Female_62_3515__r1c0.jpg,Duodenum_AAGAB_Female_62_3515.jpg,1,0,0.0001,no,auto
Duodenum_AAGAB_Female_62_3515__r1c7.jpg,Duodenum_AAGAB_Female_62_3515.jpg,1,7,0.0000,no,auto
Duodenum_AAGAB_Female_62_3515__r2c7.jpg,Duodenum_AAGAB_Female_62_3515.jpg,2,7,0.0004,no,auto
Duodenum_AAGAB_Female_62_3515__r3c7.jpg,Duodenum_AAGAB_Female_62_3515.jpg,3,7,0.0009,no,auto
Duodenum_AAGAB_Female_62_3515__r4c0.jpg,Duodenum_AAGAB_Female_62_3515.jpg,4,0,0.0499,no,auto
Duodenum_AAGAB_Female_62_3515__r4c7.jpg,Duodenum_AAGAB_Female_62_3515.jpg,4,7,0.0039,no,auto
Duodenum_AAGAB_Female_62_3515__r5c0.jpg,Duodenum_AAGAB_Female_62_3515.jpg,5,0,0.0001,no,auto
Duodenum_AAGAB_Female_62_3515__r5c7.jpg,Duodenum_AAGAB_Female_62_3515.jpg,5,7,0.0000,no,auto
Duodenum_AAGAB_Female_62_3515__r6c0.jpg,Duodenum_AAGAB_Female_62_3515.jpg,6,0,0.0002,no,auto
Duodenum_AAGAB_Female_62_3515__r6c7.jpg,Duodenum_AAGAB_Female_62_3515.jpg,6,7,0.0000,no,auto
Duodenum_AAGAB_Female_62_3515__r7c0.jpg,Duodenum_AAGAB_Female_62_3515.jpg,7,0,0.0001,no,auto
Duodenum_AAGAB_Female_62_3515__r7c1.jpg,Duodenum_AAGAB_Female_62_3515.jpg,7,1,0.0000,no,auto
Duodenum_AAGAB_Female_62_3515__r7c6.jpg,Duodenum_AAGAB_Female_62_3515.jpg,7,6,0.0000,no,auto
Duodenum_AAGAB_Female_62_3515__r7c7.jpg,Duodenum_AAGAB_Female_62_3515.jpg,7,7,0.0000,no,auto
Duodenum_COX4I1_Male_66_2329__r0c0.jpg,Duodenum_COX4I1_Male_66_2329.jpg,0,0,0.0003,no,auto
Duodenum_COX4I1_Male_66_2329__r0c1.jpg,Duodenum_COX4I1_Male_66_2329.jpg,0,1,0.0004,no,auto
Duodenum_COX4I1_Male_66_2329__r0c2.jpg,Duodenum_COX4I1_Male_66_2329.jpg,0,2,0.0105,no,auto
Duodenum_COX4I1_Male_66_2329__r0c4.jpg,Duodenum_COX4I1_Male_66_2329.jpg,0,4,0.0046,no,auto
Duodenum_COX4I1_Male_66_2329__r0c5.jpg,Duodenum_COX4I1_Male_66_2329.jpg,0,5,0.0257,no,auto
Duodenum_COX4I1_Male_66_2329__r0c6.jpg,Duodenum_COX4I1_Male_66_2329.jpg,0,6,0.0143,no,auto
Duodenum_COX4I1_Male_66_2329__r0c7.jpg,Duodenum_COX4I1_Male_66_2329.jpg,0,7,0.0000,no,auto
Duodenum_COX4I1_Male_66_2329__r1c0.jpg,Duodenum_COX4I1_Male_66_2329.jpg,1,0,0.0001,no,auto
Duodenum_COX4I1_Male_66_2329__r1c1.jpg,Duodenum_COX4I1_Male_66_2329.jpg,1,1,0.0144,no,auto
Duodenum_COX4I1_Male_66_2329__r1c7.jpg,Duodenum_COX4I1_Male_66_2329.jpg,1,7,0.0007,no,auto
Duodenum_COX4I1_Male_66_2329__r2c0.jpg,Duodenum_COX4I1_Male_66_2329.jpg,2,0,0.0376,no,auto
Duodenum_COX4I1_Male_66_2329__r6c0.jpg,Duodenum_COX4I1_Male_66_2329.jpg,6,0,0.0007,no,auto
Duodenum_COX4I1_Male_66_2329__r6c7.jpg,Duodenum_COX4I1_Male_66_2329.jpg,6,7,0.0144,no,auto
Duodenum_COX4I1_Male_66_2329__r7c0.jpg,Duodenum_COX4I1_Male_66_2329.jpg,7,0,0.0005,no,auto
Duodenum_COX4I1_Male_66_2329__r7c1.jpg,Duodenum_COX4I1_Male_66_2329.jpg,7,1,0.0091,no,auto
Duodenum_COX4I1_Male_66_2329__r7c6.jpg,Duodenum_COX4I1_Male_66_2329.jpg,7,6,0.0020,no,auto
Duodenum_COX4I1_Male_66_2329__r7c7.jpg,Duodenum_COX4I1_Male_66_2329.jpg,7,7,0.0004,no,auto
Small_intestine_ABCD3_Male_66_4202__r0c0.jpg,Small_intestine_ABCD3_Male_66_4202.jpg,0,0,0.0000,no,auto
Small_intestine_ABCD3_Male_66_4202__r0c1.jpg,Small_intestine_ABCD3_Male_66_4202.jpg,0,1,0.0000,no,auto
Small_intestine_ABCD3_Male_66_4202__r0c2.jpg,Small_intestine_ABCD3_Male_66_4202.jpg,0,2,0.0000,no,auto
Small_intestine_ABCD3_Male_66_4202__r0c5.jpg,Small_intestine_ABCD3_Male_66_4202.jpg,0,5,0.0000,no,auto
Small_intestine_ABCD3_Male_66_4202__r0c6.jpg,Small_intestine_ABCD3_Male_66_4202.jpg,0,6,0.0000,no,auto
Small_intestine_ABCD3_Male_66_4202__r0c7.jpg,Small_intestine_ABCD3_Male_66_4202.jpg,0,7,0.0000,no,auto
Small_intestine_ABCD3_Male_66_4202__r1c0.jpg,Small_intestine_ABCD3_Male_66_4202.jpg,1,0,0.0000,no,auto
Small_intestine_ABCD3_Male_66_4202__r1c6.jpg,Small_intestine_ABCD3_Male_66_4202.jpg,1,6,0.0481,no,auto
Small_intestine_ABCD3_Male_66_4202__r1c7.jpg,Small_intestine_ABCD3_Male_66_4202.jpg,1,7,0.0000,no,auto
Small_intestine_ABCD3_Male_66_4202__r2c0.jpg,Small_intestine_ABCD3_Male_66_4202.jpg,2,0,0.0000,no,auto
Small_intestine_ABCD3_Male_66_4202__r2c7.jpg,Small_intestine_ABCD3_Male_66_4202.jpg,2,7,0.0000,no,auto
Small_intestine_ABCD3_Male_66_4202__r3c7.jpg,Small_intestine_ABCD3_Male_66_4202.jpg,3,7,0.0161,no,auto
Small_intestine_ABCD3_Male_66_4202__r4c7.jpg,Small_intestine_ABCD3_Male_66_4202.jpg,4,7,0.0015,no,auto
Small_intestine_ABCD3_Male_66_4202__r5c0.jpg,Small_intestine_ABCD3_Male_66_4202.jpg,5,0,0.0000,no,auto
Small_intestine_ABCD3_Male_66_4202__r5c2.jpg,Small_intestine_ABCD3_Male_66_4202.jpg,5,2,0.0364,no,auto
Small_intestine_ABCD3_Male_66_4202__r5c7.jpg,Small_intestine_ABCD3_Male_66_4202.jpg,5,7,0.0000,no,auto
Small_intestine_ABCD3_Male_66_4202__r6c0.jpg,Small_intestine_ABCD3_Male_66_4202.jpg,6,0,0.0000,no,auto
Small_intestine_ABCD3_Male_66_4202__r6c1.jpg,Small_intestine_ABCD3_Male_66_4202.jpg,6,1,0.0002,no,auto
Small_intestine_ABCD3_Male_66_4202__r6c2.jpg,Small_intestine_ABCD3_Male_66_4202.jpg,6,2,0.0117,no,auto
Small_intestine_ABCD3_Male_66_4202__r6c3.jpg,Small_intestine_ABCD3_Male_66_4202.jpg,6,3,0.0000,no,auto
Small_intestine_ABCD3_Male_66_4202__r6c7.jpg,Small_intestine_ABCD3_Male_66_4202.jpg,6,7,0.0000,no,auto
Small_intestine_ABCD3_Male_66_4202__r7c0.jpg,Small_intestine_ABCD3_Male_66_4202.jpg,7,0,0.0014,no,auto
Small_intestine_ABCD3_Male_66_4202__r7c1.jpg,Small_intestine_ABCD3_Male_66_4202.jpg,7,1,0.0000,no,auto
Small_intestine_ABCD3_Male_66_4202__r7c2.jpg,Small_intestine_ABCD3_Male_66_4202.jpg,7,2,0.0001,no,auto
Small_intestine_ABCD3_Male_66_4202__r7c3.jpg,Small_intestine_ABCD3_Male_66_4202.jpg,7,3,0.0000,no,auto
Small_intestine_ABCD3_Male_66_4202__r7c4.jpg,Small_intestine_ABCD3_Male_66_4202.jpg,7,4,0.0323,no,auto
Small_intestine_ABCD3_Male_66_4202__r7c5.jpg,Small_intestine_ABCD3_Male_66_4202.jpg,7,5,0.0033,no,auto
Small_intestine_ABCD3_Male_66_4202__r7c6.jpg,Small_intestine_ABCD3_Male_66_4202.jpg,7,6,0.0000,no,auto
Small_intestine_ABCD3_Male_66_4202__r7c7.jpg,Small_intestine_ABCD3_Male_66_4202.jpg,7,7,0.0000,no,auto
Small_intestine_ADPGK_Male_68_2471__r0c0.jpg,Small_intestine_ADPGK_Male_68_2471.jpg,0,0,0.0001,no,auto
Small_intestine_ADPGK_Male_68_2471__r0c1.jpg,Small_intestine_ADPGK_Male_68_2471.jpg,0,1,0.0000,no,auto
Small_intestine_ADPGK_Male_68_2471__r0c6.jpg,Small_intestine_ADPGK_Male_68_2471.jpg,0,6,0.0040,no,auto
Small_intestine_ADPGK_Male_68_2471__r0c7.jpg,Small_intestine_ADPGK_Male_68_2471.jpg,0,7,0.0001,no,auto
Small_intestine_ADPGK_Male_68_2471__r1c0.jpg,Small_intestine_ADPGK_Male_68_2471.jpg,1,0,0.0004,no,auto
Small_intestine_ADPGK_Male_68_2471__r1c7.jpg,Small_intestine_ADPGK_Male_68_2471.jpg,1,7,0.0144,no,auto
Small_intestine_ADPGK_Male_68_2471__r6c0.jpg,Small_intestine_ADPGK_Male_68_2471.jpg,6,0,0.0014,no,auto
Small_intestine_ADPGK_Male_68_2471__r6c7.jpg,Small_intestine_ADPGK_Male_68_2471.jpg,6,7,0.0414,no,auto
Small_intestine_ADPGK_Male_68_2471__r7c0.jpg,Small_intestine_ADPGK_Male_68_2471.jpg,7,0,0.0001,no,auto
Small_intestine_ADPGK_Male_68_2471__r7c1.jpg,Small_intestine_ADPGK_Male_68_2471.jpg,7,1,0.0036,no,auto
Small_intestine_ADPGK_Male_68_2471__r7c6.jpg,Small_intestine_ADPGK_Male_68_2471.jpg,7,6,0.0071,no,auto
Small_intestine_ADPGK_Male_68_2471__r7c7.jpg,Small_intestine_ADPGK_Male_68_2471.jpg,7,7,0.0000,no,auto
Duodenum_ACSM2B_Male_59_1961__r0c0.jpg,Duodenum_ACSM2B_Male_59_1961.jpg,0,0,0.0000,no,auto
Duodenum_ACSM2B_Male_59_1961__r0c1.jpg,Duodenum_ACSM2B_Male_59_1961.jpg,0,1,0.0000,no,auto
Duodenum_ACSM2B_Male_59_1961__r0c2.jpg,Duodenum_ACSM2B_Male_59_1961.jpg,0,2,0.0308,no,auto
Duodenum_ACSM2B_Male_59_1961__r0c5.jpg,Duodenum_ACSM2B_Male_59_1961.jpg,0,5,0.0178,no,auto
Duodenum_ACSM2B_Male_59_1961__r0c6.jpg,Duodenum_ACSM2B_Male_59_1961.jpg,0,6,0.0000,no,auto
Duodenum_ACSM2B_Male_59_1961__r0c7.jpg,Duodenum_ACSM2B_Male_59_1961.jpg,0,7,0.0000,no,auto
Duodenum_ACSM2B_Male_59_1961__r1c0.jpg,Duodenum_ACSM2B_Male_59_1961.jpg,1,0,0.0000,no,auto
Duodenum_ACSM2B_Male_59_1961__r1c7.jpg,Duodenum_ACSM2B_Male_59_1961.jpg,1,7,0.0000,no,auto
Duodenum_ACSM2B_Male_59_1961__r2c0.jpg,Duodenum_ACSM2B_Male_59_1961.jpg,2,0,0.0430,no,auto
Duodenum_ACSM2B_Male_59_1961__r5c0.jpg,Duodenum_ACSM2B_Male_59_1961.jpg,5,0,0.0013,no,auto
Duodenum_ACSM2B_Male_59_1961__r6c0.jpg,Duodenum_ACSM2B_Male_59_1961.jpg,6,0,0.0000,no,auto
Duodenum_ACSM2B_Male_59_1961__r6c1.jpg,Duodenum_ACSM2B_Male_59_1961.jpg,6,1,0.0248,no,auto
Duodenum_ACSM2B_Male_59_1961__r6c7.jpg,Duodenum_ACSM2B_Male_59_1961.jpg,6,7,0.0000,no,auto
Duodenum_ACSM2B_Male_59_1961__r7c0.jpg,Duodenum_ACSM2B_Male_59_1961.jpg,7,0,0.0000,no,auto
Duodenum_ACSM2B_Male_59_1961__r7c1.jpg,Duodenum_ACSM2B_Male_59_1961.jpg,7,1,0.0000,no,auto
Duodenum_ACSM2B_Male_59_1961__r7c2.jpg,Duodenum_ACSM2B_Male_59_1961.jpg,7,2,0.0011,no,auto
Duodenum_ACSM2B_Male_59_1961__r7c6.jpg,Duodenum_ACSM2B_Male_59_1961.jpg,7,6,0.0000,no,auto
Duodenum_ACSM2B_Male_59_1961__r7c7.jpg,Duodenum_ACSM2B_Male_59_1961.jpg,7,7,0.0000,no,auto
