image_id,gene,source_dir
Duodenum_A1CF_Female_67_3479.jpg,A1CF,HPA_small_intestine
Duodenum_AAAS_Male_35_3219.jpg,AAAS,HPA_small_intestine
Duodenum_AACS_Male_59_1961.jpg,AACS,images
Duodenum_AAGAB_Female_62_3515.jpg,AAGAB,images
Duodenum_AASS_Male_50_1904.jpg,AASS,HPA_small_intestine
Duodenum_AATF_Male_50_1904.jpg,AATF,images
Duodenum_ABCA4_Female_61_3614.jpg,ABCA4,HPA_small_intestine
Duodenum_ABCA9_Male_55_1920.jpg,ABCA9,images
Duodenum_ABCG2_Female_67_3479.jpg,ABCG2,HPA_small_intestine
Duodenum_ABCG4_Male_59_1961.jpg,ABCG4,HPA_small_intestine
Duodenum_ABCG8_Female_60_3548.jpg,ABCG8,images
Duodenum_ABHD17C_Female_62_3515.jpg,ABHD17C,HPA_small_intestine
Duodenum_ABHD2_Male_50_1904.jpg,ABHD2,images
Duodenum_ABHD8_Male_50_1904.jpg,ABHD8,images
Duodenum_ABHD8_Male_54_2562.jpg,ABHD8,images
Duodenum_ABI3_Female_61_3614.jpg,ABI3,HPA_small_intestine
Duodenum_ABI3_Male_59_1961.jpg,ABI3,HPA_small_intestine
Duodenum_ACADS_Female_60_3548.jpg,ACADS,images
Duodenum_ACAN_Male_54_2562.jpg,ACAN,HPA_small_intestine
Duodenum_ACAT1_Male_66_2329.jpg,ACAT1,images
Duodenum_ACBD3_Male_54_2562.jpg,ACBD3,images
Duodenum_ACBD5_Male_66_2329.jpg,ACBD5,images
Duodenum_ACO1_Female_60_3548.jpg,ACO1,images
Duodenum_ACOT2_Female_62_3515.jpg,ACOT2,HPA_small_intestine
Duodenum_ACSF2_Male_50_1904.jpg,ACSF2,images
Duodenum_ACSL1_Female_61_3614.jpg,ACSL1,HPA_small_intestine
Duodenum_ACSL6_Female_67_3479.jpg,ACSL6,images
Duodenum_ACSM2B_Male_59_1961.jpg,ACSM2B,HPA_small_intestine
Duodenum_ACTBL2_Male_55_1920.jpg,ACTBL2,HPA_small_intestine
Duodenum_ACTC1_Male_55_1920.jpg,ACTC1,images
Duodenum_ACTN1_Male_50_1904.jpg,ACTN1,images
Duodenum_ACVR2A_Male_55_1920.jpg,ACVR2A,images
Duodenum_ADGRG1_Male_35_3219.jpg,ADGRG1,images
Duodenum_ADGRL1_Male_50_1904.jpg,ADGRL1,images
Duodenum_ADH6_Female_67_3479.jpg,ADH6,images
Duodenum_AFG3L2_Male_50_1904.jpg,AFG3L2,images
Duodenum_AGPAT1_Female_67_3479.jpg,AGPAT1,images
Duodenum_AGPAT2_Male_50_1904.jpg,AGPAT2,images
Duodenum_AGR2_Male_54_2562.jpg,AGR2,images
Duodenum_AGTPBP1_Female_67_3479.jpg,AGTPBP1,images
Duodenum_AHNAK_Female_60_3548.jpg,AHNAK,images
Duodenum_AHNAK_Male_50_1904.jpg,AHNAK,images
Duodenum_AIP_Female_67_3479.jpg,AIP,images
Duodenum_AK4_Male_55_1920.jpg,AK4,images
Duodenum_AK5_Female_62_3515.jpg,AK5,images
Duodenum_AKAP1_Male_50_1904.jpg,AKAP1,images
Duodenum_AKAP8_Female_67_3479.jpg,AKAP8,images
Duodenum_AKR1C3_Male_54_2562.jpg,AKR1C3,images
Duodenum_ALDH1B1_Female_60_3548.jpg,ALDH1B1,images
Duodenum_ALDH4A1_Male_50_1904.jpg,ALDH4A1,images
Duodenum_ALDOB_Female_75_1098.jpg,ALDOB,images
Duodenum_ALDOB_Male_84_139.jpg,ALDOB,images
Duodenum_ALG12_Male_55_1920.jpg,ALG12,images
Duodenum_ALG13_Male_50_1904.jpg,ALG13,images
Duodenum_ALG6_Female_61_3614.jpg,ALG6,images
Duodenum_ALG8_Female_67_3479.jpg,ALG8,images
Duodenum_ALKBH4_Female_67_3479.jpg,ALKBH4,images
Duodenum_ALKBH5_Male_66_2329.jpg,ALKBH5,images
Duodenum_ALPP_Male_55_1920.jpg,ALPP,images
Duodenum_ANAPC16_Male_35_3219.jpg,ANAPC16,images
Duodenum_ANKHD1_Male_50_1904.jpg,ANKHD1,images
Duodenum_ANKRA2_Female_67_3479.jpg,ANKRA2,images
Duodenum_ANKRD12_Male_55_1920.jpg,ANKRD12,images
Duodenum_ANLN_Male_59_1961.jpg,ANLN,images
Duodenum_ANPEP_Male_66_2329.jpg,ANPEP,images
Duodenum_AP5Z1_Male_55_1920.jpg,AP5Z1,images
Duodenum_APC_Male_59_1961.jpg,APC,images
Duodenum_APEX1_Male_50_1904.jpg,APEX1,images
Duodenum_APH1A_Male_55_1920.jpg,APH1A,images
Duodenum_API5_Male_50_1904.jpg,API5,images
Duodenum_APIP_Male_55_1920.jpg,APIP,images
Duodenum_APOO_Male_54_2562.jpg,APOO,images
Duodenum_APPBP2_Female_62_3515.jpg,APPBP2,images
Duodenum_APTX_Male_59_1961.jpg,APTX,images
Duodenum_AQP10_Male_59_1961.jpg,AQP10,images
Duodenum_ARAF_Male_59_1961.jpg,ARAF,images
Duodenum_ARFGEF1_Male_50_1904.jpg,ARFGEF1,images
Duodenum_ARFRP1_Male_55_1920.jpg,ARFRP1,images
Duodenum_ARG2_Female_48_75.jpg,ARG2,images
Duodenum_ARGLU1_Female_60_3548.jpg,ARGLU1,images
Duodenum_ARHGAP12_Male_54_2562.jpg,ARHGAP12,images
Duodenum_ARHGEF11_Male_50_1904.jpg,ARHGEF11,images
Duodenum_ARHGEF16_Male_54_2562.jpg,ARHGEF16,images
Duodenum_ARL15_Female_67_3479.jpg,ARL15,images
Duodenum_ARL16_Female_62_3515.jpg,ARL16,images
Duodenum_ARL17A_Male_55_1920.jpg,ARL17A,images
Duodenum_ARL17B_Male_55_1920.jpg,ARL17B,images
Duodenum_ARL6IP1_Female_62_3515.jpg,ARL6IP1,images
Duodenum_ARL6IP4_Female_67_3479.jpg,ARL6IP4,images
Duodenum_ARPC2_Female_64_2338.jpg,ARPC2,images
Duodenum_ARPIN-AP3S2_Male_55_1920.jpg,ARPIN-AP3S2,images
Duodenum_ASB6_Male_50_1904.jpg,ASB6,images
Duodenum_ASCC2_Female_64_2338.jpg,ASCC2,images
Duodenum_ATF6B_Male_55_1920.jpg,ATF6B,images
Duodenum_ATG12_Male_54_2562.jpg,ATG12,images
Duodenum_ATIC_Male_50_1904.jpg,ATIC,images
Duodenum_ATM_Male_66_2329.jpg,ATM,images
Duodenum_ATP2A3_Male_50_1904.jpg,ATP2A3,images
Duodenum_ATP2B1_Female_53_3413.jpg,ATP2B1,images
Duodenum_ATP5IF1_Male_54_2562.jpg,ATP5IF1,images
Duodenum_ATP5MC2_Female_67_3479.jpg,ATP5MC2,images
Duodenum_ATP5PD_Female_62_3515.jpg,ATP5PD,images
Duodenum_ATP7A_Male_54_2562.jpg,ATP7A,images
Duodenum_ATP8B4_Male_35_3219.jpg,ATP8B4,images
Duodenum_ATXN1_Male_54_2562.jpg,ATXN1,images
Duodenum_AXIN2_Male_54_2562.jpg,AXIN2,images
Duodenum_B4GALT6_Male_54_2562.jpg,B4GALT6,images
Duodenum_B9D1_Male_50_1904.jpg,B9D1,images
Duodenum_BAK1_Male_66_2329.jpg,BAK1,images
Duodenum_BBS4_Female_62_3515.jpg,BBS4,images
Duodenum_BBS4_Male_35_3219.jpg,BBS4,images
Duodenum_BCAS1_Male_55_1920.jpg,BCAS1,images
Duodenum_BCL2L15_Male_55_1920.jpg,BCL2L15,images
Duodenum_BCL2L2-PABPN1_Male_73_64.jpg,BCL2L2-PABPN1,images
Duodenum_BCL2L2_Male_35_3219.jpg,BCL2L2,images
Duodenum_BCO2_Male_59_1961.jpg,BCO2,images
Duodenum_BCS1L_Male_35_3219.jpg,BCS1L,images
Duodenum_BDH1_Male_35_3219.jpg,BDH1,images
Duodenum_BICDL2_Female_67_3479.jpg,BICDL2,images
Duodenum_BIRC3_Female_64_2338.jpg,BIRC3,images
Duodenum_BIRC3_Male_66_2329.jpg,BIRC3,images
Duodenum_BIVM-ERCC5_Male_55_1920.jpg,BIVM-ERCC5,images
Duodenum_BLOC1S6_Male_35_3219.jpg,BLOC1S6,images
Duodenum_BLTP3B_Female_67_3479.jpg,BLTP3B,images
Duodenum_BMP1_Male_54_2562.jpg,BMP1,images
Duodenum_BPNT2_Male_54_2562.jpg,BPNT2,images
Duodenum_BTN3A1_Female_60_3548.jpg,BTN3A1,images
Duodenum_BUD13_Female_62_3515.jpg,BUD13,images
Duodenum_C11orf96_Male_55_1920.jpg,C11orf96,images
Duodenum_C17orf67_Male_35_3219.jpg,C17orf67,images
Duodenum_C19orf47_Male_35_3219.jpg,C19orf47,images
Duodenum_C1orf226_Female_67_3479.jpg,C1orf226,images
Duodenum_C1orf35_Female_62_3515.jpg,C1orf35,images
Duodenum_C20orf96_Male_55_1920.jpg,C20orf96,images
Duodenum_C2CD3_Female_62_3515.jpg,C2CD3,images
Duodenum_C2orf68_Female_67_3479.jpg,C2orf68,images
Duodenum_C9orf64_Female_67_3479.jpg,C9orf64,images
Duodenum_C9orf72_Male_54_2562.jpg,C9orf72,images
Duodenum_CAB39L_Male_66_2329.jpg,CAB39L,images
Duodenum_CALHM2_Male_54_2562.jpg,CALHM2,images
Duodenum_CALML4_Male_55_1920.jpg,CALML4,images
Duodenum_CARD19_Male_55_1920.jpg,CARD19,images
Duodenum_CARD6_Male_59_1961.jpg,CARD6,images
Duodenum_CASK_Male_84_139.jpg,CASK,images
Duodenum_CASP1_Male_50_1904.jpg,CASP1,images
Duodenum_CASP4_Male_35_3219.jpg,CASP4,images
Duodenum_CASP6_Male_66_2329.jpg,CASP6,images
Duodenum_CASTOR2_Female_67_3479.jpg,CASTOR2,images
Duodenum_CBFA2T3_Female_67_3479.jpg,CBFA2T3,images
Duodenum_CBLB_Female_60_3548.jpg,CBLB,images
Duodenum_CBR3_Female_60_3548.jpg,CBR3,images
Duodenum_CCDC102B_Male_35_3219.jpg,CCDC102B,images
Duodenum_CCDC125_Male_35_3219.jpg,CCDC125,images
Duodenum_CCDC12_Male_55_1920.jpg,CCDC12,images
Duodenum_CCDC159_Female_67_3479.jpg,CCDC159,images
Duodenum_CCDC186_Male_54_2562.jpg,CCDC186,images
Duodenum_CCDC66_Female_61_3614.jpg,CCDC66,images
Duodenum_CCDC68_Female_60_3548.jpg,CCDC68,images
Duodenum_CCDC68_Male_54_2562.jpg,CCDC68,images
Duodenum_CCDC8_Male_55_1920.jpg,CCDC8,images
Duodenum_CCNDBP1_Male_50_1904.jpg,CCNDBP1,images
Duodenum_CCNDBP1_Male_54_2562.jpg,CCNDBP1,images
Duodenum_CCNL2_Male_55_1920.jpg,CCNL2,images
Duodenum_CCNT2_Female_53_3413.jpg,CCNT2,images
Duodenum_CCS_Male_50_1904.jpg,CCS,images
Duodenum_CCZ1_Male_55_1920.jpg,CCZ1,images
Duodenum_CD248_Female_67_3479.jpg,CD248,images
Duodenum_CD9_Female_64_2338.jpg,CD9,images
Duodenum_CDC14A_Male_59_1961.jpg,CDC14A,images
Duodenum_CDC16_Male_50_1904.jpg,CDC16,images
Duodenum_CDC25C_Male_66_2329.jpg,CDC25C,images
Duodenum_CDC42EP3_Male_35_3219.jpg,CDC42EP3,images
Duodenum_CDC42EP4_Male_50_1904.jpg,CDC42EP4,images
Duodenum_CDCA2_Male_59_1961.jpg,CDCA2,images
Duodenum_CDHR5_Male_50_1904.jpg,CDHR5,images
Duodenum_CDK12_Male_54_2562.jpg,CDK12,images
Duodenum_CDK13_Male_55_1920.jpg,CDK13,images
Duodenum_CDK16_Male_50_1904.jpg,CDK16,images
Duodenum_CDK5RAP2_Male_59_1961.jpg,CDK5RAP2,images
Duodenum_CDK5RAP3_Male_50_1904.jpg,CDK5RAP3,images
Duodenum_CDKL1_Female_67_3479.jpg,CDKL1,images
Duodenum_CDKL1_Male_59_1961.jpg,CDKL1,images
Duodenum_CDKL5_Male_66_2329.jpg,CDKL5,images
Duodenum_CDKN2C_Male_66_2329.jpg,CDKN2C,images
Duodenum_CDO1_Female_62_3515.jpg,CDO1,images
Duodenum_CDR2_Male_50_1904.jpg,CDR2,images
Duodenum_CDS1_Male_35_3219.jpg,CDS1,images
Duodenum_CFL1_Male_55_1920.jpg,CFL1,images
Duodenum_CFLAR_Female_60_3548.jpg,CFLAR,images
Duodenum_CGGBP1_Male_55_1920.jpg,CGGBP1,images
Duodenum_CHADL_Male_54_2562.jpg,CHADL,images
Duodenum_CHAF1A_Male_54_2562.jpg,CHAF1A,images
Duodenum_CHAT_Male_59_1961.jpg,CHAT,images
Duodenum_CHCHD1_Male_35_3219.jpg,CHCHD1,images
Duodenum_CHCHD1_Male_55_1920.jpg,CHCHD1,images
Duodenum_CHCHD2_Female_62_3515.jpg,CHCHD2,images
Duodenum_CHCHD2_Male_35_3219.jpg,CHCHD2,images
Duodenum_CHCHD3_Female_67_3479.jpg,CHCHD3,images
Duodenum_CHD4_Male_54_2562.jpg,CHD4,images
Duodenum_CHGA_Female_43_148.jpg,CHGA,images
Duodenum_CHGB_Male_59_1961.jpg,CHGB,images
Duodenum_CHMP4A_Female_67_3479.jpg,CHMP4A,images
Duodenum_CHRDL2_Male_50_1904.jpg,CHRDL2,images
Duodenum_CHTOP_Male_35_3219.jpg,CHTOP,images
Duodenum_CIR1_Female_67_3479.jpg,CIR1,images
Duodenum_CISD3_Male_55_1920.jpg,CISD3,images
Duodenum_CISH_Male_35_3219.jpg,CISH,images
Duodenum_CISH_Male_55_1920.jpg,CISH,images
Duodenum_CITED2_Male_50_1904.jpg,CITED2,images
Duodenum_CKAP2L_Male_35_3219.jpg,CKAP2L,images
Duodenum_CLASP1_Female_67_3479.jpg,CLASP1,images
Duodenum_CLDN4_Male_50_1904.jpg,CLDN4,images
Duodenum_CLDN4_Male_66_2329.jpg,CLDN4,images
Duodenum_CLPP_Male_50_1904.jpg,CLPP,images
Duodenum_CMAS_Male_55_1920.jpg,CMAS,images
Duodenum_CMIP_Male_59_1961.jpg,CMIP,images
Duodenum_CNNM3_Male_54_2562.jpg,CNNM3,images
Duodenum_CNOT4_Male_50_1904.jpg,CNOT4,images
Duodenum_CNST_Male_50_1904.jpg,CNST,images
Duodenum_CNTROB_Male_50_1904.jpg,CNTROB,images
Duodenum_COG6_Male_55_1920.jpg,COG6,images
Duodenum_COMMD9_Male_50_1904.jpg,COMMD9,images
Duodenum_COPG1_Male_35_3219.jpg,COPG1,images
Duodenum_COPG2_Male_55_1920.jpg,COPG2,images
Duodenum_COQ6_Female_67_3479.jpg,COQ6,images
Duodenum_CORO1C_Male_35_3219.jpg,CORO1C,images
Duodenum_CORO2A_Male_35_3219.jpg,CORO2A,images
Duodenum_CORO7_Male_35_3219.jpg,CORO7,images
Duodenum_COX17_Female_67_3479.jpg,COX17,images
Duodenum_COX4I1_Male_66_2329.jpg,COX4I1,images
Duodenum_CPSF6_Male_54_2562.jpg,CPSF6,images
Duodenum_CPSF7_Male_35_3219.jpg,CPSF7,images
Duodenum_CREBL2_Male_35_3219.jpg,CREBL2,images
Duodenum_CRK_Male_54_2562.jpg,CRK,images
Duodenum_CRTAP_Male_35_3219.jpg,CRTAP,images
Duodenum_CRY2_Male_35_3219.jpg,CRY2,images
Duodenum_CRYZL1_Female_60_3548.jpg,CRYZL1,images
Duodenum_CSTF3_Male_35_3219.jpg,CSTF3,images
Duodenum_CTCF_Male_50_1904.jpg,CTCF,images
Duodenum_CTNNA1_Male_54_2562.jpg,CTNNA1,images
Duodenum_CTNNBIP1_Male_59_1961.jpg,CTNNBIP1,images
Duodenum_CTSS_Female_75_1098.jpg,CTSS,images
Duodenum_CTTNBP2NL_Male_50_1904.jpg,CTTNBP2NL,images
Duodenum_CWC25_Male_54_2562.jpg,CWC25,images
Duodenum_CYCS_Male_50_1904.jpg,CYCS,images
Duodenum_CYP20A1_Male_55_1920.jpg,CYP20A1,images
Duodenum_CYP2S1_Male_59_1961.jpg,CYP2S1,images
Duodenum_CYP4F2_Male_50_1904.jpg,CYP4F2,images
Duodenum_CYP4F3_Female_67_3479.jpg,CYP4F3,images
Duodenum_CYP7B1_Male_50_1904.jpg,CYP7B1,images
Duodenum_DAD1_Male_55_1920.jpg,DAD1,images
Duodenum_DARS2_Male_50_1904.jpg,DARS2,images
Duodenum_DCHS1_Male_55_1920.jpg,DCHS1,images
Duodenum_DCLK1_Male_54_2562.jpg,DCLK1,images
Duodenum_DCP1B_Male_55_1920.jpg,DCP1B,images
Duodenum_DCTN6_Male_50_1904.jpg,DCTN6,images
Duodenum_DCTN6_Male_54_2562.jpg,DCTN6,images
Duodenum_DDX27_Male_55_1920.jpg,DDX27,images
Duodenum_DDX28_Female_67_3479.jpg,DDX28,images
Duodenum_DDX41_Male_50_1904.jpg,DDX41,images
Duodenum_DEFA5_Female_67_3479.jpg,DEFA5,images
Duodenum_DEFA6_Female_67_3479.jpg,DEFA6,images
Duodenum_DERL1_Male_54_2562.jpg,DERL1,images
Duodenum_DERL3_Male_55_1920.jpg,DERL3,images
Duodenum_DEXI_Male_55_1920.jpg,DEXI,images
Duodenum_DFFA_Male_50_1904.jpg,DFFA,images
Duodenum_DHDDS_Female_60_3548.jpg,DHDDS,images
Duodenum_DHDH_Female_67_3479.jpg,DHDH,images
Duodenum_DHRS1_Male_73_64.jpg,DHRS1,images
Duodenum_DIPK1A_Male_50_1904.jpg,DIPK1A,images
Duodenum_DMXL1_Male_54_2562.jpg,DMXL1,images
Duodenum_DNAJA1_Female_64_2338.jpg,DNAJA1,images
Duodenum_DNAJC21_Male_55_1920.jpg,DNAJC21,images
Duodenum_DNAJC25_Male_59_1961.jpg,DNAJC25,images
Duodenum_DNAJC27_Male_50_1904.jpg,DNAJC27,images
Duodenum_DNAJC28_Female_60_3548.jpg,DNAJC28,images
Duodenum_DNAJC3_Male_55_1920.jpg,DNAJC3,images
Duodenum_DNAJC9_Female_62_3515.jpg,DNAJC9,images
Duodenum_DNMT3A_Male_50_1904.jpg,DNMT3A,images
Duodenum_DNPH1_Male_54_2562.jpg,DNPH1,images
Duodenum_DPEP2_Male_35_3219.jpg,DPEP2,images
Duodenum_DPF2_Male_50_1904.jpg,DPF2,images
Duodenum_DSTYK_Female_67_3479.jpg,DSTYK,images
Duodenum_DTNB_Female_67_3479.jpg,DTNB,images
Duodenum_DTWD1_Female_67_3479.jpg,DTWD1,images
Duodenum_DYNLRB1_Male_54_2562.jpg,DYNLRB1,images
Duodenum_DYRK1A_Male_50_1904.jpg,DYRK1A,images
Duodenum_EBAG9_Female_60_3548.jpg,EBAG9,images
Duodenum_EBAG9_Male_50_1904.jpg,EBAG9,images
Duodenum_EBNA1BP2_Male_54_2562.jpg,EBNA1BP2,images
Duodenum_ECD_Male_50_1904.jpg,ECD,images
Duodenum_ECD_Male_66_2329.jpg,ECD,images
Duodenum_ECE1_Male_50_1904.jpg,ECE1,images
Duodenum_EDC3_Male_55_1920.jpg,EDC3,images
Duodenum_EDEM2_Male_35_3219.jpg,EDEM2,images
Duodenum_EEF1D_Female_62_3515.jpg,EEF1D,images
Duodenum_EEF2_Male_54_2562.jpg,EEF2,images
Duodenum_EFTUD2_Male_54_2562.jpg,EFTUD2,images
Duodenum_EGLN1_Female_60_3548.jpg,EGLN1,images
Duodenum_EID2_Male_55_1920.jpg,EID2,images
Duodenum_EIF2B2_Male_66_2329.jpg,EIF2B2,images
Duodenum_EIF3I_Female_62_3515.jpg,EIF3I,images
Duodenum_EIF4A2_Male_50_1904.jpg,EIF4A2,images
Duodenum_EIF6_Male_35_3219.jpg,EIF6,images
Duodenum_ELAPOR1_Male_35_3219.jpg,ELAPOR1,images
Duodenum_ELOVL7_Female_62_3515.jpg,ELOVL7,images
Duodenum_ELP5_Female_60_3548.jpg,ELP5,images
Duodenum_ELP5_Male_50_1904.jpg,ELP5,images
Duodenum_EMC9_Female_61_3614.jpg,EMC9,images
Duodenum_ENDOD1_Male_54_2562.jpg,ENDOD1,images
Duodenum_ENPP4_Male_50_1904.jpg,ENPP4,images
Duodenum_ENSG00000111780_Female_67_3479.jpg,ENSG00000111780,images
Duodenum_ENSG00000131152_Female_62_3515.jpg,ENSG00000131152,images
Duodenum_ENSG00000255730_Male_50_1904.jpg,ENSG00000255730,images
Duodenum_ENSG00000262660_Male_50_1904.jpg,ENSG00000262660,images
Duodenum_ENSG00000262660_Male_54_2562.jpg,ENSG00000262660,images
Duodenum_EP400_Female_60_3548.jpg,EP400,images
Duodenum_EPHB4_Male_50_1904.jpg,EPHB4,images
Duodenum_EPS8_Male_50_1904.jpg,EPS8,images
Duodenum_ERBIN_Male_55_1920.jpg,ERBIN,images
Duodenum_ERCC5_Female_67_3479.jpg,ERCC5,images
Duodenum_ERH_Male_66_2329.jpg,ERH,images
Duodenum_ERMAP_Male_55_1920.jpg,ERMAP,images
Duodenum_ETF1_Male_50_1904.jpg,ETF1,images
Duodenum_EXOC3L2_Male_59_1961.jpg,EXOC3L2,images
Duodenum_EXOC5_Female_67_3479.jpg,EXOC5,images
Duodenum_EXOC5_Male_59_1961.jpg,EXOC5,images
Duodenum_EXOSC8_Male_50_1904.jpg,EXOSC8,images
Duodenum_EZR_Female_64_2338.jpg,EZR,images
Duodenum_FAHD2A_Male_35_3219.jpg,FAHD2A,images
Duodenum_FAM174B_Male_54_2562.jpg,FAM174B,images
Duodenum_FAM234A_Male_59_1961.jpg,FAM234A,images
Duodenum_FAM50A_Female_64_2338.jpg,FAM50A,images
Duodenum_FANCE_Female_67_3479.jpg,FANCE,images
Duodenum_FANCE_Male_59_1961.jpg,FANCE,images
Duodenum_FAR2_Male_54_2562.jpg,FAR2,images
Duodenum_FASTKD3_Female_67_3479.jpg,FASTKD3,images
Duodenum_FASTKD3_Male_59_1961.jpg,FASTKD3,images
Duodenum_FBH1_Male_66_2329.jpg,FBH1,images
Duodenum_FBP1_Male_50_1904.jpg,FBP1,images
Duodenum_FBXW5_Female_62_3515.jpg,FBXW5,images
Duodenum_FEN1_Male_50_1904.jpg,FEN1,images
Duodenum_FHIP2B_Female_62_3515.jpg,FHIP2B,images
Duodenum_FKBP5_Male_50_1904.jpg,FKBP5,images
Duodenum_FKBP8_Male_54_2562.jpg,FKBP8,images
Duodenum_FKBP9_Male_50_1904.jpg,FKBP9,images
Duodenum_FLAD1_Male_55_1920.jpg,FLAD1,images
Duodenum_FLRT3_Female_67_3479.jpg,FLRT3,images
Duodenum_FLVCR2_Male_35_3219.jpg,FLVCR2,images
Duodenum_FMR1_Male_54_2562.jpg,FMR1,images
Duodenum_FOLH1_Male_50_1904.jpg,FOLH1,images
Duodenum_FOSL2_Male_66_2329.jpg,FOSL2,images
Duodenum_FOXJ2_Male_54_2562.jpg,FOXJ2,images
Duodenum_FOXP1_Female_64_2338.jpg,FOXP1,images
Duodenum_FOXP1_Male_50_1904.jpg,FOXP1,images
Duodenum_FOXP4_Male_50_1904.jpg,FOXP4,images
Duodenum_FRG1_Male_59_1961.jpg,FRG1,images
Duodenum_FRY_Male_55_1920.jpg,FRY,images
Duodenum_FUBP1_Male_54_2562.jpg,FUBP1,images
Duodenum_FUT11_Male_50_1904.jpg,FUT11,images
Duodenum_FUT11_Male_54_2562.jpg,FUT11,images
Duodenum_FUT8_Male_50_1904.jpg,FUT8,images
Duodenum_G6PC1_Male_55_1920.jpg,G6PC1,images
Duodenum_GABARAPL2_Female_62_3515.jpg,GABARAPL2,images
Duodenum_GABRP_Male_54_2562.jpg,GABRP,images
Duodenum_GAK_Male_54_2562.jpg,GAK,images
Duodenum_GALC_Male_54_2562.jpg,GALC,images
Duodenum_GALK2_Female_67_3479.jpg,GALK2,images
Duodenum_GALNS_Male_50_1904.jpg,GALNS,images
Duodenum_GALNT11_Male_55_1920.jpg,GALNT11,images
Duodenum_GALNT5_Male_50_1904.jpg,GALNT5,images
Duodenum_GALNT7_Male_59_1961.jpg,GALNT7,images
Duodenum_GAS1_Male_54_2562.jpg,GAS1,images
Duodenum_GATA4_Male_54_2562.jpg,GATA4,images
Duodenum_GATA6_Male_50_1904.jpg,GATA6,images
Duodenum_GATA6_Male_54_2562.jpg,GATA6,images
Duodenum_GBA2_Male_50_1904.jpg,GBA2,images
Duodenum_GBP4_Male_55_1920.jpg,GBP4,images
Duodenum_GCHFR_Male_55_1920.jpg,GCHFR,images
Duodenum_GCSH_Male_55_1920.jpg,GCSH,images
Duodenum_GDPD5_Female_67_3479.jpg,GDPD5,images
Duodenum_GID8_Female_62_3515.jpg,GID8,images
Duodenum_GIMAP1_Female_62_3515.jpg,GIMAP1,images
Duodenum_GIPC1_Male_55_1920.jpg,GIPC1,images
Duodenum_GIPC2_Female_67_3479.jpg,GIPC2,images
Duodenum_GJA4_Female_67_3479.jpg,GJA4,images
Duodenum_GLMN_Male_35_3219.jpg,GLMN,images
Duodenum_GLOD5_Male_59_1961.jpg,GLOD5,images
Duodenum_GLP2R_Female_67_3479.jpg,GLP2R,images
Duodenum_GLRX2_Male_50_1904.jpg,GLRX2,images
Duodenum_GMCL1_Male_55_1920.jpg,GMCL1,images
Duodenum_GMCL2_Male_35_3219.jpg,GMCL2,images
Duodenum_GMDS_Male_55_1920.jpg,GMDS,images
Duodenum_GNA13_Male_50_1904.jpg,GNA13,images
Duodenum_GOLGA1_Male_50_1904.jpg,GOLGA1,images
Duodenum_GOLGA3_Female_60_3548.jpg,GOLGA3,images
Duodenum_GOLGA4_Male_54_2562.jpg,GOLGA4,images
Duodenum_GOLGA5_Male_66_2329.jpg,GOLGA5,images
Duodenum_GOLGA8A_Male_35_3219.jpg,GOLGA8A,images
Duodenum_GORASP1_Male_35_3219.jpg,GORASP1,images
Duodenum_GPAT3_Male_55_1920.jpg,GPAT3,images
Duodenum_GPBP1_Female_62_3515.jpg,GPBP1,images
Duodenum_GPD2_Male_54_2562.jpg,GPD2,images
Duodenum_GPKOW_Male_63_1647.jpg,GPKOW,images
Duodenum_GPN3_Male_35_3219.jpg,GPN3,images
Duodenum_GPR27_Female_60_3548.jpg,GPR27,images
Duodenum_GPR27_Male_54_2562.jpg,GPR27,images
Duodenum_GPX2_Male_66_2329.jpg,GPX2,images
Duodenum_GTF2B_Female_67_3479.jpg,GTF2B,images
Duodenum_GTF2IRD1_Male_35_3219.jpg,GTF2IRD1,images
Duodenum_GTPBP10_Female_60_3548.jpg,GTPBP10,images
Duodenum_GTPBP1_Male_35_3219.jpg,GTPBP1,images
Duodenum_H1-4_Male_50_1904.jpg,H1-4,images
Duodenum_H2BC10_Male_55_1920.jpg,H2BC10,images
Duodenum_H2BC12L_Male_55_1920.jpg,H2BC12L,images
Duodenum_H2BC17_Male_55_1920.jpg,H2BC17,images
Duodenum_H2BC6_Female_67_3479.jpg,H2BC6,images
Duodenum_H2BC6_Male_55_1920.jpg,H2BC6,images
Duodenum_H2BC7_Male_55_1920.jpg,H2BC7,images
Duodenum_H2BC9_Female_67_3479.jpg,H2BC9,images
Duodenum_H3-4_Female_64_2338.jpg,H3-4,images
Duodenum_H3C11_Female_62_3515.jpg,H3C11,images
Duodenum_H3C12_Female_62_3515.jpg,H3C12,images
Duodenum_H3C13_Female_62_3515.jpg,H3C13,images
Duodenum_H3C15_Female_62_3515.jpg,H3C15,images
Duodenum_H3C4_Female_62_3515.jpg,H3C4,images
Duodenum_H4C11_Female_67_3479.jpg,H4C11,images
Duodenum_H4C12_Male_55_1920.jpg,H4C12,images
Duodenum_H4C16_Male_54_2562.jpg,H4C16,images
Duodenum_H4C4_Female_67_3479.jpg,H4C4,images
Duodenum_H4C9_Female_67_3479.jpg,H4C9,images
Duodenum_HADHA_Male_50_1904.jpg,HADHA,images
Duodenum_HADH_Male_55_1920.jpg,HADH,images
Duodenum_HAUS3_Male_55_1920.jpg,HAUS3,images
Duodenum_HBP1_Male_55_1920.jpg,HBP1,images
Duodenum_HDAC1_Male_50_1904.jpg,HDAC1,images
Duodenum_HDAC4_Male_59_1961.jpg,HDAC4,images
Duodenum_HDAC9_Male_35_3219.jpg,HDAC9,images
Duodenum_HDGFL2_Male_54_2562.jpg,HDGFL2,images
Duodenum_HDHD2_Male_35_3219.jpg,HDHD2,images
Duodenum_HIBCH_Male_54_2562.jpg,HIBCH,images
Duodenum_HIGD2A_Male_35_3219.jpg,HIGD2A,images
Duodenum_HIRA_Female_62_3515.jpg,HIRA,images
Duodenum_HKDC1_Male_59_1961.jpg,HKDC1,images
Duodenum_HMGB1_Male_50_1904.jpg,HMGB1,images
Duodenum_HMGCR_Male_50_1904.jpg,HMGCR,images
Duodenum_HMOX1_Male_73_64.jpg,HMOX1,images
Duodenum_HMOX2_Male_50_1904.jpg,HMOX2,images
Duodenum_HNF1A_Male_54_2562.jpg,HNF1A,images
Duodenum_HNF4A_Male_66_2329.jpg,HNF4A,images
Duodenum_HNRNPA3_Male_50_1904.jpg,HNRNPA3,images
Duodenum_HNRNPA3_Male_66_2329.jpg,HNRNPA3,images
Duodenum_HNRNPC_Male_66_2329.jpg,HNRNPC,images
Duodenum_HNRNPH2_Female_64_2338.jpg,HNRNPH2,images
Duodenum_HNRNPL_Male_54_2562.jpg,HNRNPL,images
Duodenum_HNRNPM_Female_64_2338.jpg,HNRNPM,images
Duodenum_HNRNPU_Male_50_1904.jpg,HNRNPU,images
Duodenum_HPCAL1_Male_55_1920.jpg,HPCAL1,images
Duodenum_HPS1_Male_59_1961.jpg,HPS1,images
Duodenum_HSD11B2_Male_35_3219.jpg,HSD11B2,images
Duodenum_HSD11B2_Male_55_1920.jpg,HSD11B2,images
Duodenum_HSD17B4_Female_60_3548.jpg,HSD17B4,images
Duodenum_HSD17B7_Male_55_1920.jpg,HSD17B7,images
Duodenum_HSP90B1_Male_66_2329.jpg,HSP90B1,images
Duodenum_HSPA12B_Male_54_2562.jpg,HSPA12B,images
Duodenum_HSPA9_Male_63_1647.jpg,HSPA9,images
Duodenum_HSPE1_Male_50_1904.jpg,HSPE1,images
Duodenum_ICA1L_Male_55_1920.jpg,ICA1L,images
Duodenum_ICOSLG_Male_54_2562.jpg,ICOSLG,images
Duodenum_IDH2_Male_54_2562.jpg,IDH2,images
Duodenum_IFI30_Male_54_2562.jpg,IFI30,images
Duodenum_IFI35_Female_67_3479.jpg,IFI35,images
Duodenum_IFIH1_Male_66_2329.jpg,IFIH1,images
Duodenum_IFT20_Male_50_1904.jpg,IFT20,images
Duodenum_IFT22_Male_35_3219.jpg,IFT22,images
Duodenum_IFTAP_Male_55_1920.jpg,IFTAP,images
Duodenum_IL15RA_Female_60_3548.jpg,IL15RA,images
Duodenum_ILKAP_Male_66_2329.jpg,ILKAP,images
Duodenum_INPP5A_Male_54_2562.jpg,INPP5A,images
Duodenum_INSIG2_Male_50_1904.jpg,INSIG2,images
Duodenum_INTS10_Male_35_3219.jpg,INTS10,images
Duodenum_ISCA1_Male_55_1920.jpg,ISCA1,images
Duodenum_ISCA2_Male_35_3219.jpg,ISCA2,images
Duodenum_ITGA11_Male_55_1920.jpg,ITGA11,images
Duodenum_ITGA2_Female_60_3548.jpg,ITGA2,images
"Small_intestine,_NOS_ACACA_Female_71_3004.jpg",ACACA,images
"Small_intestine,_NOS_ANKRD37_Female_71_3004.jpg",ANKRD37,images
"Small_intestine,_NOS_ARHGAP6_Female_71_3004.jpg",ARHGAP6,images
"Small_intestine,_NOS_B4GALT1_Female_71_3004.jpg",B4GALT1,images
"Small_intestine,_NOS_CCT3_Female_71_3004.jpg",CCT3,images
"Small_intestine,_NOS_DCLK1_Female_71_3004.jpg",DCLK1,images
"Small_intestine,_NOS_DDX49_Female_71_3004.jpg",DDX49,images
"Small_intestine,_NOS_DNPEP_Female_71_3004.jpg",DNPEP,images
"Small_intestine,_NOS_GYS1_Female_71_3004.jpg",GYS1,images
Small_intestine_ADNP_Male_41_2226.jpg,ADNP,images
Small_intestine_APPBP2_Male_37_1652.jpg,APPBP2,images
Small_intestine_CYB561D2_Male_37_1652.jpg,CYB561D2,images
Small_intestine_EPCAM_Male_41_2226.jpg,EPCAM,images
Small_intestine_GIPC2_Male_70_1919.jpg,GIPC2,images
Small_intestine_ISY1-RAB43_Male_41_2226.jpg,ISY1-RAB43,images
